[
{
    "pk": 1,
    "model": "contenttypes.contenttype",
    "fields": {
        "app_label": "admin",
        "model": "logentry"
    }
},
{
    "pk": 2,
    "model": "contenttypes.contenttype",
    "fields": {
        "app_label": "auth",
        "model": "permission"
    }
},
{
    "pk": 3,
    "model": "contenttypes.contenttype",
    "fields": {
        "app_label": "auth",
        "model": "group"
    }
},
{
    "pk": 4,
    "model": "contenttypes.contenttype",
    "fields": {
        "app_label": "auth",
        "model": "user"
    }
},
{
    "pk": 5,
    "model": "contenttypes.contenttype",
    "fields": {
        "app_label": "contenttypes",
        "model": "contenttype"
    }
},
{
    "pk": 6,
    "model": "contenttypes.contenttype",
    "fields": {
        "app_label": "sessions",
        "model": "session"
    }
},
{
    "pk": 7,
    "model": "contenttypes.contenttype",
    "fields": {
        "app_label": "chemical_inventory",
        "model": "chemical"
    }
},
{
    "pk": 8,
    "model": "contenttypes.contenttype",
    "fields": {
        "app_label": "chemical_inventory",
        "model": "glove"
    }
},
{
    "pk": 9,
    "model": "contenttypes.contenttype",
    "fields": {
        "app_label": "chemical_inventory",
        "model": "container"
    }
},
{
    "pk": 10,
    "model": "contenttypes.contenttype",
    "fields": {
        "app_label": "chemical_inventory",
        "model": "supportingdocument"
    }
},
{
    "pk": 11,
    "model": "contenttypes.contenttype",
    "fields": {
        "app_label": "chemical_inventory",
        "model": "location"
    }
},
{
    "pk": 12,
    "model": "contenttypes.contenttype",
    "fields": {
        "app_label": "chemical_inventory",
        "model": "supplier"
    }
},
{
    "pk": "0m8ypm9serwe85yxd03e04etno5w1edq",
    "model": "sessions.session",
    "fields": {
        "session_data": "MmZkNTE4YjRkZjIwMTk4MTljMTZkZGMwOTZiMzNhZDg1NjNjYzE2Mzp7Il9hdXRoX3VzZXJfaWQiOiIxIiwiX2F1dGhfdXNlcl9oYXNoIjoiZDQ2MGY2MDUxZWYyNmZjYTllOTczYTkyN2RkYTEwMWM1ODIzODRjOCIsIl9hdXRoX3VzZXJfYmFja2VuZCI6ImRqYW5nb19icm93c2VyaWQuYXV0aC5Ccm93c2VySURCYWNrZW5kIn0=",
        "expire_date": "2015-11-11T02:16:13.798Z"
    }
},
{
    "pk": "0tzntalcap4upafed6ki84mups4qm6j2",
    "model": "sessions.session",
    "fields": {
        "session_data": "ZDRhZGQzOGM2MDE2ZGVhM2U5NThkMjllMDIyY2IxNzdjN2JlZGI5Zjp7Il9hdXRoX3VzZXJfYmFja2VuZCI6ImRqYW5nb19icm93c2VyaWQuYXV0aC5Ccm93c2VySURCYWNrZW5kIiwiX2F1dGhfdXNlcl9pZCI6IjEiLCJfYXV0aF91c2VyX2hhc2giOiJkNDYwZjYwNTFlZjI2ZmNhOWU5NzNhOTI3ZGRhMTAxYzU4MjM4NGM4In0=",
        "expire_date": "2015-11-09T18:41:09.347Z"
    }
},
{
    "pk": "b05j7jgpowufwlvum0xm1ownypo4br55",
    "model": "sessions.session",
    "fields": {
        "session_data": "YTJmMzIzZjU1Y2MwNjUyZDUyMTU2MDkzMzQ3NzVjMjUzOTY1MzAyZjp7Il9hdXRoX3VzZXJfaWQiOiIyIiwiX2F1dGhfdXNlcl9oYXNoIjoiMDFmODVmMDUzYTg5ZTI1ZWY4YTQ0MTQ1ODljY2ViMDUyMTc3NmU2ZSIsIl9hdXRoX3VzZXJfYmFja2VuZCI6ImRqYW5nb19icm93c2VyaWQuYXV0aC5Ccm93c2VySURCYWNrZW5kIn0=",
        "expire_date": "2015-11-10T15:44:58.757Z"
    }
},
{
    "pk": "osjlzpfvjjit54k4xzzhkktd7ncc3ejo",
    "model": "sessions.session",
    "fields": {
        "session_data": "MmZkNTE4YjRkZjIwMTk4MTljMTZkZGMwOTZiMzNhZDg1NjNjYzE2Mzp7Il9hdXRoX3VzZXJfaWQiOiIxIiwiX2F1dGhfdXNlcl9oYXNoIjoiZDQ2MGY2MDUxZWYyNmZjYTllOTczYTkyN2RkYTEwMWM1ODIzODRjOCIsIl9hdXRoX3VzZXJfYmFja2VuZCI6ImRqYW5nb19icm93c2VyaWQuYXV0aC5Ccm93c2VySURCYWNrZW5kIn0=",
        "expire_date": "2015-11-10T18:21:18.185Z"
    }
},
{
    "pk": 1,
    "model": "chemical_inventory.chemical",
    "fields": {
        "formula": "C_2H_4Br_2",
        "instability": -1,
        "health": -1,
        "name": "1,2-Dibromoethane",
        "gloves": [
            1
        ],
        "stripped_formula": "C2H4Br2",
        "flammability": -1,
        "cas_number": "106-93-4",
        "safety_data_sheet": "",
        "special_hazards": ""
    }
},
{
    "pk": 2,
    "model": "chemical_inventory.chemical",
    "fields": {
        "formula": "C_2H_4Cl_2",
        "instability": 0,
        "health": 2,
        "name": "1,2-Dichloroethane",
        "gloves": [
            1
        ],
        "stripped_formula": "C2H4Cl2",
        "flammability": 3,
        "cas_number": "107-06-2",
        "safety_data_sheet": "safety_data_sheets/12-dichloroethane.pdf",
        "special_hazards": ""
    }
},
{
    "pk": 4,
    "model": "chemical_inventory.chemical",
    "fields": {
        "formula": "C_5H_9NO",
        "instability": 0,
        "health": 2,
        "name": "1-Methyl-2-Pyrrolidinone, anhydrous",
        "gloves": [
            1
        ],
        "stripped_formula": "C5H9NO",
        "flammability": 2,
        "cas_number": "872-50-4",
        "safety_data_sheet": "",
        "special_hazards": ""
    }
},
{
    "pk": 5,
    "model": "chemical_inventory.chemical",
    "fields": {
        "formula": "CH_3(CH_2)_1_5CH=CH_2",
        "instability": 0,
        "health": 0,
        "name": "1-Octadecene",
        "gloves": [
            1
        ],
        "stripped_formula": "CH3(CH2)15CH=CH2",
        "flammability": 1,
        "cas_number": "112-88-9",
        "safety_data_sheet": "safety_data_sheets/1-octadecene.pdf",
        "special_hazards": ""
    }
},
{
    "pk": 7,
    "model": "chemical_inventory.chemical",
    "fields": {
        "formula": "(CH_3)_2CO",
        "instability": 0,
        "health": 2,
        "name": "Acetone",
        "gloves": [
            1,
            2,
            5
        ],
        "stripped_formula": "(CH3)2CO",
        "flammability": 3,
        "cas_number": "67-64-1",
        "safety_data_sheet": "safety_data_sheets/acetone.pdf",
        "special_hazards": ""
    }
},
{
    "pk": 8,
    "model": "chemical_inventory.chemical",
    "fields": {
        "formula": "Al(acac)_3",
        "instability": 0,
        "health": 3,
        "name": "Aluminum acetlyacetonate",
        "gloves": [
            1
        ],
        "stripped_formula": "Al(acac)3",
        "flammability": 0,
        "cas_number": "13963-57-0",
        "safety_data_sheet": "",
        "special_hazards": ""
    }
},
{
    "pk": 9,
    "model": "chemical_inventory.chemical",
    "fields": {
        "formula": "Al_2(SO_4)_3 \u00b7 xH_2O",
        "instability": 0,
        "health": 2,
        "name": "Aluminum sulfate hydrate",
        "gloves": [
            1
        ],
        "stripped_formula": "Al2(SO4)3 \u00b7 xH2O",
        "flammability": 0,
        "cas_number": "17927-65-0",
        "safety_data_sheet": "",
        "special_hazards": ""
    }
},
{
    "pk": 10,
    "model": "chemical_inventory.chemical",
    "fields": {
        "formula": "NH_4H_2PO_4",
        "instability": 0,
        "health": 0,
        "name": "Ammonium dihydrogenphosphate",
        "gloves": [
            1
        ],
        "stripped_formula": "NH4H2PO4",
        "flammability": 0,
        "cas_number": "7722-76-1",
        "safety_data_sheet": "",
        "special_hazards": ""
    }
},
{
    "pk": 11,
    "model": "chemical_inventory.chemical",
    "fields": {
        "formula": "NH_4F",
        "instability": 0,
        "health": 2,
        "name": "Ammonium Fluoride",
        "gloves": [
            5,
            1
        ],
        "stripped_formula": "NH4F",
        "flammability": 0,
        "cas_number": "12125-01-8",
        "safety_data_sheet": "safety_data_sheets/ammonium-fluoride.pdf",
        "special_hazards": ""
    }
},
{
    "pk": 12,
    "model": "chemical_inventory.chemical",
    "fields": {
        "formula": "NH_4OH",
        "instability": 0,
        "health": 3,
        "name": "Ammonium hydroxide",
        "gloves": [
            5,
            1
        ],
        "stripped_formula": "NH4OH",
        "flammability": 0,
        "cas_number": "1336-21-6",
        "safety_data_sheet": "",
        "special_hazards": ""
    }
},
{
    "pk": 13,
    "model": "chemical_inventory.chemical",
    "fields": {
        "formula": "Ar",
        "instability": 0,
        "health": 1,
        "name": "Argon",
        "gloves": [
            1
        ],
        "stripped_formula": "Ar",
        "flammability": 0,
        "cas_number": "7440-37-1",
        "safety_data_sheet": "",
        "special_hazards": ""
    }
},
{
    "pk": 14,
    "model": "chemical_inventory.chemical",
    "fields": {
        "formula": "",
        "instability": 0,
        "health": 0,
        "name": "Castor Oil",
        "gloves": [
            5,
            1
        ],
        "stripped_formula": "",
        "flammability": 0,
        "cas_number": "8001-79-4",
        "safety_data_sheet": "safety_data_sheets/castor-oil.pdf",
        "special_hazards": ""
    }
},
{
    "pk": 15,
    "model": "chemical_inventory.chemical",
    "fields": {
        "formula": "CHCl_3",
        "instability": 0,
        "health": 3,
        "name": "Chloroform",
        "gloves": [
            1
        ],
        "stripped_formula": "CHCl3",
        "flammability": 0,
        "cas_number": "67-66-3",
        "safety_data_sheet": "",
        "special_hazards": ""
    }
},
{
    "pk": 16,
    "model": "chemical_inventory.chemical",
    "fields": {
        "formula": "CDCl_3",
        "instability": 0,
        "health": 2,
        "name": "Chloroform-D",
        "gloves": [
            1
        ],
        "stripped_formula": "CDCl3",
        "flammability": 0,
        "cas_number": "865-49-6",
        "safety_data_sheet": "",
        "special_hazards": ""
    }
},
{
    "pk": 17,
    "model": "chemical_inventory.chemical",
    "fields": {
        "formula": "CrF_3",
        "instability": 0,
        "health": 3,
        "name": "Chromium(III) Fluoride",
        "gloves": [
            1
        ],
        "stripped_formula": "CrF3",
        "flammability": 0,
        "cas_number": "7788-97-8",
        "safety_data_sheet": "safety_data_sheets/chromiumiii-fluoride.pdf",
        "special_hazards": ""
    }
},
{
    "pk": 18,
    "model": "chemical_inventory.chemical",
    "fields": {
        "formula": "Co(acac)_3",
        "instability": 0,
        "health": 0,
        "name": "Cobalt acetlyacetonate",
        "gloves": [
            1
        ],
        "stripped_formula": "Co(acac)3",
        "flammability": 0,
        "cas_number": "1184-78-7",
        "safety_data_sheet": "",
        "special_hazards": ""
    }
},
{
    "pk": 19,
    "model": "chemical_inventory.chemical",
    "fields": {
        "formula": "(CH_3CO_2)_2Co",
        "instability": 0,
        "health": 2,
        "name": "Cobalt(II) acetate",
        "gloves": [
            1
        ],
        "stripped_formula": "(CH3CO2)2Co",
        "flammability": 0,
        "cas_number": "71-48-7",
        "safety_data_sheet": "",
        "special_hazards": ""
    }
},
{
    "pk": 20,
    "model": "chemical_inventory.chemical",
    "fields": {
        "formula": "(CH_3COO)_2Co \u00b7 4H_2O",
        "instability": 0,
        "health": 2,
        "name": "Cobalt(II) acetate tetrahydrate",
        "gloves": [
            1
        ],
        "stripped_formula": "(CH3COO)2Co \u00b7 4H2O",
        "flammability": 0,
        "cas_number": "6147-53-1",
        "safety_data_sheet": "",
        "special_hazards": ""
    }
},
{
    "pk": 21,
    "model": "chemical_inventory.chemical",
    "fields": {
        "formula": "C_1_0H_1_4CoO_4",
        "instability": 0,
        "health": 2,
        "name": "Cobalt(II) acetylacetonate",
        "gloves": [
            1
        ],
        "stripped_formula": "C10H14CoO4",
        "flammability": 0,
        "cas_number": "14024-48-7",
        "safety_data_sheet": "",
        "special_hazards": ""
    }
},
{
    "pk": 22,
    "model": "chemical_inventory.chemical",
    "fields": {
        "formula": "CoF_2",
        "instability": 0,
        "health": 3,
        "name": "Cobalt(II) Fluoride",
        "gloves": [
            1
        ],
        "stripped_formula": "CoF2",
        "flammability": 0,
        "cas_number": "10026-17-2",
        "safety_data_sheet": "safety_data_sheets/cobaltii-fluoride.pdf",
        "special_hazards": ""
    }
},
{
    "pk": 23,
    "model": "chemical_inventory.chemical",
    "fields": {
        "formula": "Co(NO_3)_2 \u00b7 6H_2O",
        "instability": 2,
        "health": 2,
        "name": "Cobalt(II) Nitrate Hexahydrate",
        "gloves": [
            1
        ],
        "stripped_formula": "Co(NO3)2 \u00b7 6H2O",
        "flammability": 0,
        "cas_number": "10026-22-9",
        "safety_data_sheet": "safety_data_sheets/cobalt-nitrate-hexahydrate-msds.pdf",
        "special_hazards": ""
    }
},
{
    "pk": 24,
    "model": "chemical_inventory.chemical",
    "fields": {
        "formula": "CoSO_4 \u00b7 7H_2O",
        "instability": 0,
        "health": 2,
        "name": "Cobalt(II) sulfate heptahydrate",
        "gloves": [
            1
        ],
        "stripped_formula": "CoSO4 \u00b7 7H2O",
        "flammability": 0,
        "cas_number": "10026-24-1",
        "safety_data_sheet": "",
        "special_hazards": ""
    }
},
{
    "pk": 25,
    "model": "chemical_inventory.chemical",
    "fields": {
        "formula": "Co_3O_4",
        "instability": 0,
        "health": 2,
        "name": "Cobalt(II,III) oxide",
        "gloves": [
            1
        ],
        "stripped_formula": "Co3O4",
        "flammability": 0,
        "cas_number": "1308-06-1",
        "safety_data_sheet": "",
        "special_hazards": ""
    }
},
{
    "pk": 26,
    "model": "chemical_inventory.chemical",
    "fields": {
        "formula": "CuSO_4 \u00b7 xH_2O",
        "instability": 0,
        "health": 2,
        "name": "Copper(II) sulfate hydrate",
        "gloves": [
            1
        ],
        "stripped_formula": "CuSO4 \u00b7 xH2O",
        "flammability": 0,
        "cas_number": "23254-43-5",
        "safety_data_sheet": "",
        "special_hazards": ""
    }
},
{
    "pk": 27,
    "model": "chemical_inventory.chemical",
    "fields": {
        "formula": "C_1_0H_2_2",
        "instability": 0,
        "health": 2,
        "name": "Decane (anhydrous)",
        "gloves": [
            1
        ],
        "stripped_formula": "C10H22",
        "flammability": 2,
        "cas_number": "124-18-5",
        "safety_data_sheet": "",
        "special_hazards": ""
    }
},
{
    "pk": 28,
    "model": "chemical_inventory.chemical",
    "fields": {
        "formula": "CH_2Cl_2",
        "instability": 0,
        "health": 2,
        "name": "Dichloromethane ",
        "gloves": [
            6
        ],
        "stripped_formula": "CH2Cl2",
        "flammability": 0,
        "cas_number": "75-09-2",
        "safety_data_sheet": "safety_data_sheets/dichloromethane.pdf",
        "special_hazards": ""
    }
},
{
    "pk": 29,
    "model": "chemical_inventory.chemical",
    "fields": {
        "formula": "C_3H_6O_3",
        "instability": 0,
        "health": 0,
        "name": "Dimethyl Carbonate",
        "gloves": [
            1
        ],
        "stripped_formula": "C3H6O3",
        "flammability": 3,
        "cas_number": "616-38-6",
        "safety_data_sheet": "",
        "special_hazards": ""
    }
},
{
    "pk": 30,
    "model": "chemical_inventory.chemical",
    "fields": {
        "formula": "1.2 M LiPF_6 inEC/EMC (3:7 wt.%)",
        "instability": 0,
        "health": 3,
        "name": "Electrolyte (Gen2)",
        "gloves": [
            1
        ],
        "stripped_formula": "1.2 M LiPF6 inEC/EMC (3:7 wt.%)",
        "flammability": 3,
        "cas_number": "21324-40-3 (LiPF6)96-49-1 (EC)623-53-0 (EMC)",
        "safety_data_sheet": "",
        "special_hazards": ""
    }
},
{
    "pk": 31,
    "model": "chemical_inventory.chemical",
    "fields": {
        "formula": "CH_3CH_2OH",
        "instability": 0,
        "health": 1,
        "name": "Ethanol",
        "gloves": [
            1,
            2,
            6,
            8
        ],
        "stripped_formula": "CH3CH2OH",
        "flammability": 3,
        "cas_number": "64-17-5",
        "safety_data_sheet": "",
        "special_hazards": ""
    }
},
{
    "pk": 32,
    "model": "chemical_inventory.chemical",
    "fields": {
        "formula": "C_3H_4O_3",
        "instability": 0,
        "health": 0,
        "name": "Ethylene Carbonate",
        "gloves": [
            1
        ],
        "stripped_formula": "C3H4O3",
        "flammability": 0,
        "cas_number": "96-49-1",
        "safety_data_sheet": "safety_data_sheets/ethylene-carbonate.pdf",
        "special_hazards": ""
    }
},
{
    "pk": 33,
    "model": "chemical_inventory.chemical",
    "fields": {
        "formula": "HOCH_2CH_2OH",
        "instability": 0,
        "health": 0,
        "name": "Ethylene glycol",
        "gloves": [
            1
        ],
        "stripped_formula": "HOCH2CH2OH",
        "flammability": 0,
        "cas_number": "107-20-1",
        "safety_data_sheet": "",
        "special_hazards": ""
    }
},
{
    "pk": 34,
    "model": "chemical_inventory.chemical",
    "fields": {
        "formula": "C_6H_1_4",
        "instability": 0,
        "health": 2,
        "name": "Hexane",
        "gloves": [
            1,
            6
        ],
        "stripped_formula": "C6H14",
        "flammability": 3,
        "cas_number": "110-54-3",
        "safety_data_sheet": "safety_data_sheets/hexane.pdf",
        "special_hazards": ""
    }
},
{
    "pk": 35,
    "model": "chemical_inventory.chemical",
    "fields": {
        "formula": "HCl",
        "instability": 0,
        "health": 3,
        "name": "Hydrochloric acid",
        "gloves": [
            1,
            5,
            6,
            8
        ],
        "stripped_formula": "HCl",
        "flammability": 0,
        "cas_number": "7647-01-0",
        "safety_data_sheet": "",
        "special_hazards": ""
    }
},
{
    "pk": 36,
    "model": "chemical_inventory.chemical",
    "fields": {
        "formula": "H_2O_2",
        "instability": 2,
        "health": 3,
        "name": "Hydrogen Peroxide",
        "gloves": [
            1,
            2,
            5,
            6,
            8
        ],
        "stripped_formula": "H2O2",
        "flammability": 0,
        "cas_number": "7722-84-1",
        "safety_data_sheet": "",
        "special_hazards": ""
    }
},
{
    "pk": 37,
    "model": "chemical_inventory.chemical",
    "fields": {
        "formula": "FeCl_3",
        "instability": 0,
        "health": 2,
        "name": "Iron (III) Chloride",
        "gloves": [
            1
        ],
        "stripped_formula": "FeCl3",
        "flammability": 0,
        "cas_number": "7705-08-0",
        "safety_data_sheet": "",
        "special_hazards": ""
    }
},
{
    "pk": 38,
    "model": "chemical_inventory.chemical",
    "fields": {
        "formula": "Fe_3O_4",
        "instability": 1,
        "health": 1,
        "name": "Iron (II,III) Oxide ",
        "gloves": [
            1
        ],
        "stripped_formula": "Fe3O4",
        "flammability": 0,
        "cas_number": "1317-61-9",
        "safety_data_sheet": "safety_data_sheets/iron-iiiii-oxide.pdf",
        "special_hazards": ""
    }
},
{
    "pk": 39,
    "model": "chemical_inventory.chemical",
    "fields": {
        "formula": "Fe_2O_3",
        "instability": 0,
        "health": 1,
        "name": "Iron (III) Oxide ",
        "gloves": [
            1
        ],
        "stripped_formula": "Fe2O3",
        "flammability": 0,
        "cas_number": "1309-37-1",
        "safety_data_sheet": "safety_data_sheets/iron-iii-oxide.pdf",
        "special_hazards": ""
    }
},
{
    "pk": 40,
    "model": "chemical_inventory.chemical",
    "fields": {
        "formula": "Fe",
        "instability": 0,
        "health": 0,
        "name": "Iron Powder",
        "gloves": [
            1
        ],
        "stripped_formula": "Fe",
        "flammability": 0,
        "cas_number": "7439-89-6",
        "safety_data_sheet": "safety_data_sheets/iron-powder.pdf",
        "special_hazards": ""
    }
},
{
    "pk": 41,
    "model": "chemical_inventory.chemical",
    "fields": {
        "formula": "Fe(OOCCH_3)_2",
        "instability": 0,
        "health": 2,
        "name": "Iron(II) Acetate",
        "gloves": [
            1
        ],
        "stripped_formula": "Fe(OOCCH3)2",
        "flammability": 0,
        "cas_number": "3094-87-9",
        "safety_data_sheet": "safety_data_sheets/ironii-acetate.pdf",
        "special_hazards": ""
    }
},
{
    "pk": 42,
    "model": "chemical_inventory.chemical",
    "fields": {
        "formula": "FeF_2",
        "instability": 0,
        "health": 3,
        "name": "Iron(II) Fluoride",
        "gloves": [
            1
        ],
        "stripped_formula": "FeF2",
        "flammability": 0,
        "cas_number": "7789-28-8",
        "safety_data_sheet": "safety_data_sheets/ironii-fluoride.pdf",
        "special_hazards": ""
    }
},
{
    "pk": 43,
    "model": "chemical_inventory.chemical",
    "fields": {
        "formula": "FeO",
        "instability": 3,
        "health": 0,
        "name": "Iron(II) Oxide",
        "gloves": [
            1
        ],
        "stripped_formula": "FeO",
        "flammability": 3,
        "cas_number": "1345-25-1",
        "safety_data_sheet": "safety_data_sheets/ironii-oxide.pdf",
        "special_hazards": ""
    }
},
{
    "pk": 44,
    "model": "chemical_inventory.chemical",
    "fields": {
        "formula": "C_3H_7OH",
        "instability": 0,
        "health": 2,
        "name": "Isopropyl alcohol",
        "gloves": [
            2,
            1
        ],
        "stripped_formula": "C3H7OH",
        "flammability": 3,
        "cas_number": "67-63-0",
        "safety_data_sheet": "",
        "special_hazards": ""
    }
},
{
    "pk": 45,
    "model": "chemical_inventory.chemical",
    "fields": {
        "formula": "La_2O_3",
        "instability": 0,
        "health": 0,
        "name": "Lanthanum(III) Oxide",
        "gloves": [
            1
        ],
        "stripped_formula": "La2O3",
        "flammability": 0,
        "cas_number": "1312-81-8",
        "safety_data_sheet": "",
        "special_hazards": ""
    }
},
{
    "pk": 46,
    "model": "chemical_inventory.chemical",
    "fields": {
        "formula": "C_6H_8O_6",
        "instability": 0,
        "health": 0,
        "name": "L-Ascorbic Acid",
        "gloves": [
            1
        ],
        "stripped_formula": "C6H8O6",
        "flammability": 0,
        "cas_number": "50-81-7",
        "safety_data_sheet": "safety_data_sheets/l-ascorbic-acid.pdf",
        "special_hazards": ""
    }
},
{
    "pk": 47,
    "model": "chemical_inventory.chemical",
    "fields": {
        "formula": "Li",
        "instability": 3,
        "health": 3,
        "name": "Lithium",
        "gloves": [
            1
        ],
        "stripped_formula": "Li",
        "flammability": 3,
        "cas_number": "7439-93-2",
        "safety_data_sheet": "",
        "special_hazards": ""
    }
},
{
    "pk": 48,
    "model": "chemical_inventory.chemical",
    "fields": {
        "formula": "LiOOCCH_3 ",
        "instability": 0,
        "health": 0,
        "name": "Lithium acetate",
        "gloves": [
            1
        ],
        "stripped_formula": "LiOOCCH3 ",
        "flammability": 0,
        "cas_number": "546-89-4",
        "safety_data_sheet": "",
        "special_hazards": ""
    }
},
{
    "pk": 49,
    "model": "chemical_inventory.chemical",
    "fields": {
        "formula": "Li_2CO_3",
        "instability": 0,
        "health": 2,
        "name": "Lithium carbonate",
        "gloves": [
            1
        ],
        "stripped_formula": "Li2CO3",
        "flammability": 0,
        "cas_number": "554-13-2",
        "safety_data_sheet": "",
        "special_hazards": ""
    }
},
{
    "pk": 50,
    "model": "chemical_inventory.chemical",
    "fields": {
        "formula": "LiCl",
        "instability": 0,
        "health": 2,
        "name": "Lithium Chloride",
        "gloves": [
            1
        ],
        "stripped_formula": "LiCl",
        "flammability": 0,
        "cas_number": "7447-41-8",
        "safety_data_sheet": "safety_data_sheets/lithium-chloride.pdf",
        "special_hazards": ""
    }
},
{
    "pk": 51,
    "model": "chemical_inventory.chemical",
    "fields": {
        "formula": "LiF",
        "instability": 0,
        "health": 2,
        "name": "Lithium fluoride",
        "gloves": [
            1
        ],
        "stripped_formula": "LiF",
        "flammability": 0,
        "cas_number": "7789-24-4",
        "safety_data_sheet": "",
        "special_hazards": ""
    }
},
{
    "pk": 52,
    "model": "chemical_inventory.chemical",
    "fields": {
        "formula": "AsF_6Li",
        "instability": 0,
        "health": 2,
        "name": "Lithium Hexafluoroarsenate",
        "gloves": [
            1
        ],
        "stripped_formula": "AsF6Li",
        "flammability": 0,
        "cas_number": "29935-35-1",
        "safety_data_sheet": "",
        "special_hazards": ""
    }
},
{
    "pk": 53,
    "model": "chemical_inventory.chemical",
    "fields": {
        "formula": "LiOH",
        "instability": 0,
        "health": 3,
        "name": "Lithium Hydroxide Anyhydrous",
        "gloves": [
            1
        ],
        "stripped_formula": "LiOH",
        "flammability": 0,
        "cas_number": "1310-65-2",
        "safety_data_sheet": "",
        "special_hazards": ""
    }
},
{
    "pk": 54,
    "model": "chemical_inventory.chemical",
    "fields": {
        "formula": "LiOH \u00b7 H_2O",
        "instability": 0,
        "health": 3,
        "name": "Lithium Hydroxide Monohydrate",
        "gloves": [
            1
        ],
        "stripped_formula": "LiOH \u00b7 H2O",
        "flammability": 0,
        "cas_number": "1310-66-3",
        "safety_data_sheet": "safety_data_sheets/lithium-hydroxide-monohydrate.pdf",
        "special_hazards": ""
    }
},
{
    "pk": 55,
    "model": "chemical_inventory.chemical",
    "fields": {
        "formula": "LiNO_3",
        "instability": 1,
        "health": 0,
        "name": "Lithium nitrate",
        "gloves": [
            1
        ],
        "stripped_formula": "LiNO3",
        "flammability": 0,
        "cas_number": "7790-69-4",
        "safety_data_sheet": "",
        "special_hazards": ""
    }
},
{
    "pk": 56,
    "model": "chemical_inventory.chemical",
    "fields": {
        "formula": "Li_3N",
        "instability": 2,
        "health": 3,
        "name": "Lithium Nitride",
        "gloves": [
            1
        ],
        "stripped_formula": "Li3N",
        "flammability": 0,
        "cas_number": "26134-62-3 ",
        "safety_data_sheet": "",
        "special_hazards": ""
    }
},
{
    "pk": 57,
    "model": "chemical_inventory.chemical",
    "fields": {
        "formula": "Li_2O",
        "instability": 0,
        "health": 3,
        "name": "Lithium Oxide",
        "gloves": [
            1
        ],
        "stripped_formula": "Li2O",
        "flammability": 0,
        "cas_number": "12057-24-8 ",
        "safety_data_sheet": "",
        "special_hazards": ""
    }
},
{
    "pk": 58,
    "model": "chemical_inventory.chemical",
    "fields": {
        "formula": "Li(CF_3COO)",
        "instability": 0,
        "health": 2,
        "name": "Lithium Trifluoroacetate",
        "gloves": [
            1
        ],
        "stripped_formula": "Li(CF3COO)",
        "flammability": 0,
        "cas_number": "2923-17-3",
        "safety_data_sheet": "safety_data_sheets/lithium-trifluoroacetate.pdf",
        "special_hazards": ""
    }
},
{
    "pk": 59,
    "model": "chemical_inventory.chemical",
    "fields": {
        "formula": "MgCl_2",
        "instability": 0,
        "health": 1,
        "name": "Magensium Chloride",
        "gloves": [
            1,
            2,
            5,
            6,
            8
        ],
        "stripped_formula": "MgCl2",
        "flammability": 0,
        "cas_number": "7786-30-3",
        "safety_data_sheet": "",
        "special_hazards": ""
    }
},
{
    "pk": 60,
    "model": "chemical_inventory.chemical",
    "fields": {
        "formula": "(CH_3COO)_2Mg \u00b7 4H_2O ",
        "instability": 0,
        "health": 2,
        "name": "Magnesium Acetate Tetrahydrate",
        "gloves": [
            1
        ],
        "stripped_formula": "(CH3COO)2Mg \u00b7 4H2O ",
        "flammability": 0,
        "cas_number": "16674-78-5",
        "safety_data_sheet": "",
        "special_hazards": ""
    }
},
{
    "pk": 61,
    "model": "chemical_inventory.chemical",
    "fields": {
        "formula": "MgCl_2 \u00b7 6H_2O",
        "instability": 1,
        "health": 2,
        "name": "Magnesium Chloride Hexahydrate",
        "gloves": [
            1
        ],
        "stripped_formula": "MgCl2 \u00b7 6H2O",
        "flammability": 0,
        "cas_number": "7791-18-6",
        "safety_data_sheet": "",
        "special_hazards": ""
    }
},
{
    "pk": 62,
    "model": "chemical_inventory.chemical",
    "fields": {
        "formula": "Mg(OH)_2",
        "instability": 0,
        "health": 2,
        "name": "Magnesium Hydroxide",
        "gloves": [
            1
        ],
        "stripped_formula": "Mg(OH)2",
        "flammability": 0,
        "cas_number": "1309-42-8",
        "safety_data_sheet": "",
        "special_hazards": ""
    }
},
{
    "pk": 63,
    "model": "chemical_inventory.chemical",
    "fields": {
        "formula": "Mg(NO)_3 \u00b7 6H_2O",
        "instability": 0,
        "health": 3,
        "name": "Magnesium Nitrate Hexahydrate",
        "gloves": [
            1
        ],
        "stripped_formula": "Mg(NO)3 \u00b7 6H2O",
        "flammability": 0,
        "cas_number": "13446-18-9",
        "safety_data_sheet": "",
        "special_hazards": ""
    }
},
{
    "pk": 64,
    "model": "chemical_inventory.chemical",
    "fields": {
        "formula": "Mg_3N_2",
        "instability": 2,
        "health": 3,
        "name": "Magnesium Nitride",
        "gloves": [
            1
        ],
        "stripped_formula": "Mg3N2",
        "flammability": 0,
        "cas_number": "12057-71-5",
        "safety_data_sheet": "safety_data_sheets/magnesium-nitride.pdf",
        "special_hazards": ""
    }
},
{
    "pk": 65,
    "model": "chemical_inventory.chemical",
    "fields": {
        "formula": "MgO",
        "instability": 0,
        "health": 0,
        "name": "Magnesium Oxide",
        "gloves": [
            1
        ],
        "stripped_formula": "MgO",
        "flammability": 0,
        "cas_number": "1309-48-4",
        "safety_data_sheet": "",
        "special_hazards": ""
    }
},
{
    "pk": 66,
    "model": "chemical_inventory.chemical",
    "fields": {
        "formula": "C_4H_6MnO_4",
        "instability": 0,
        "health": 2,
        "name": "Manganese (II) acetate",
        "gloves": [
            1,
            2,
            5
        ],
        "stripped_formula": "C4H6MnO4",
        "flammability": 0,
        "cas_number": "638-38-0",
        "safety_data_sheet": "",
        "special_hazards": ""
    }
},
{
    "pk": 67,
    "model": "chemical_inventory.chemical",
    "fields": {
        "formula": "MnCl_2",
        "instability": 0,
        "health": 2,
        "name": "Manganese (II) Chloride",
        "gloves": [
            1
        ],
        "stripped_formula": "MnCl2",
        "flammability": 0,
        "cas_number": "7773-01-5",
        "safety_data_sheet": "",
        "special_hazards": ""
    }
},
{
    "pk": 68,
    "model": "chemical_inventory.chemical",
    "fields": {
        "formula": "Mn(NO_3)_2 \u00b7 4H_2O",
        "instability": 3,
        "health": 0,
        "name": "Manganese (II) Nitrate Tetrahydrate",
        "gloves": [
            1
        ],
        "stripped_formula": "Mn(NO3)2 \u00b7 4H2O",
        "flammability": 0,
        "cas_number": "20694-39-7",
        "safety_data_sheet": "",
        "special_hazards": ""
    }
},
{
    "pk": 69,
    "model": "chemical_inventory.chemical",
    "fields": {
        "formula": "MnO",
        "instability": 0,
        "health": 0,
        "name": "Manganese (II) oxide",
        "gloves": [
            1
        ],
        "stripped_formula": "MnO",
        "flammability": 0,
        "cas_number": "1344-43-0",
        "safety_data_sheet": "",
        "special_hazards": ""
    }
},
{
    "pk": 70,
    "model": "chemical_inventory.chemical",
    "fields": {
        "formula": "(CH_3COO)_3Mn \u00b7 2H_2O",
        "instability": 0,
        "health": 2,
        "name": "Manganese (III) Acetate dihydrate",
        "gloves": [
            1
        ],
        "stripped_formula": "(CH3COO)3Mn \u00b7 2H2O",
        "flammability": 0,
        "cas_number": "19513-05-4",
        "safety_data_sheet": "",
        "special_hazards": ""
    }
},
{
    "pk": 71,
    "model": "chemical_inventory.chemical",
    "fields": {
        "formula": "MnF_3",
        "instability": 2,
        "health": 2,
        "name": "Manganese (III) Fluoride",
        "gloves": [
            2,
            1
        ],
        "stripped_formula": "MnF3",
        "flammability": 0,
        "cas_number": "7783-53-1",
        "safety_data_sheet": "",
        "special_hazards": ""
    }
},
{
    "pk": 72,
    "model": "chemical_inventory.chemical",
    "fields": {
        "formula": "Mn_2O_3",
        "instability": 0,
        "health": 2,
        "name": "Manganese (III) Oxide",
        "gloves": [
            1
        ],
        "stripped_formula": "Mn2O3",
        "flammability": 0,
        "cas_number": "1317-34-6",
        "safety_data_sheet": "safety_data_sheets/manganese-iii-oxide.pdf",
        "special_hazards": ""
    }
},
{
    "pk": 73,
    "model": "chemical_inventory.chemical",
    "fields": {
        "formula": "MnO_2",
        "instability": 0,
        "health": 1,
        "name": "Manganese (IV) oxide",
        "gloves": [
            1
        ],
        "stripped_formula": "MnO2",
        "flammability": 0,
        "cas_number": "1313-13-9",
        "safety_data_sheet": "",
        "special_hazards": ""
    }
},
{
    "pk": 74,
    "model": "chemical_inventory.chemical",
    "fields": {
        "formula": "Mn_xN, x = 2-4",
        "instability": 2,
        "health": 3,
        "name": "Manganese Nitride",
        "gloves": [
            1
        ],
        "stripped_formula": "MnxN, x = 2-4",
        "flammability": 0,
        "cas_number": "12033-07-7",
        "safety_data_sheet": "",
        "special_hazards": ""
    }
},
{
    "pk": 75,
    "model": "chemical_inventory.chemical",
    "fields": {
        "formula": "MnF_2",
        "instability": 0,
        "health": 2,
        "name": "Manganese(II) Fluoride",
        "gloves": [
            1
        ],
        "stripped_formula": "MnF2",
        "flammability": 0,
        "cas_number": "7782-64-1",
        "safety_data_sheet": "safety_data_sheets/manganeseii-fluoride.pdf",
        "special_hazards": ""
    }
},
{
    "pk": 76,
    "model": "chemical_inventory.chemical",
    "fields": {
        "formula": "MnSO_4 \u00b7 H_2O",
        "instability": 0,
        "health": 0,
        "name": "Manganese(II) sulfate monohydrate",
        "gloves": [
            1
        ],
        "stripped_formula": "MnSO4 \u00b7 H2O",
        "flammability": 0,
        "cas_number": "10034-96-5",
        "safety_data_sheet": "",
        "special_hazards": ""
    }
},
{
    "pk": 77,
    "model": "chemical_inventory.chemical",
    "fields": {
        "formula": "",
        "instability": 0,
        "health": 0,
        "name": "Mineral oil",
        "gloves": [
            1
        ],
        "stripped_formula": "",
        "flammability": 1,
        "cas_number": "8042-47",
        "safety_data_sheet": "",
        "special_hazards": ""
    }
},
{
    "pk": 78,
    "model": "chemical_inventory.chemical",
    "fields": {
        "formula": "MoO_3",
        "instability": 0,
        "health": 2,
        "name": "Molybdenum (VI) oxide",
        "gloves": [
            1
        ],
        "stripped_formula": "MoO3",
        "flammability": 0,
        "cas_number": "1313-27-5",
        "safety_data_sheet": "",
        "special_hazards": ""
    }
},
{
    "pk": 79,
    "model": "chemical_inventory.chemical",
    "fields": {
        "formula": "",
        "instability": 0,
        "health": 0,
        "name": "N2 95%, H2 5%",
        "gloves": [
            1
        ],
        "stripped_formula": "",
        "flammability": 0,
        "cas_number": "N2H2",
        "safety_data_sheet": "",
        "special_hazards": ""
    }
},
{
    "pk": 80,
    "model": "chemical_inventory.chemical",
    "fields": {
        "formula": "NiF_2",
        "instability": 0,
        "health": 3,
        "name": "Nickel (II) fluoride",
        "gloves": [
            1
        ],
        "stripped_formula": "NiF2",
        "flammability": 0,
        "cas_number": "10026-18-9",
        "safety_data_sheet": "",
        "special_hazards": ""
    }
},
{
    "pk": 81,
    "model": "chemical_inventory.chemical",
    "fields": {
        "formula": "Ni(NO_3)_2 \u00b7 6H_2O",
        "instability": 1,
        "health": 2,
        "name": "Nickel (II) Nitrate Hexahydrate",
        "gloves": [
            1
        ],
        "stripped_formula": "Ni(NO3)2 \u00b7 6H2O",
        "flammability": 0,
        "cas_number": "13478-00-7",
        "safety_data_sheet": "safety_data_sheets/nickel-nitrate-hexahydrate-msds.pdf",
        "special_hazards": "OX"
    }
},
{
    "pk": 82,
    "model": "chemical_inventory.chemical",
    "fields": {
        "formula": "NiO",
        "instability": 0,
        "health": 2,
        "name": "Nickel (II) Oxide",
        "gloves": [
            1
        ],
        "stripped_formula": "NiO",
        "flammability": 0,
        "cas_number": "1313-99-1",
        "safety_data_sheet": "safety_data_sheets/nickel-ii-oxide.pdf",
        "special_hazards": ""
    }
},
{
    "pk": 83,
    "model": "chemical_inventory.chemical",
    "fields": {
        "formula": "Ni(ac)_2 \u00b7 4H_2O",
        "instability": 0,
        "health": 2,
        "name": "Nickel acetate",
        "gloves": [
            1
        ],
        "stripped_formula": "Ni(ac)2 \u00b7 4H2O",
        "flammability": 0,
        "cas_number": "6018-89-9",
        "safety_data_sheet": "",
        "special_hazards": ""
    }
},
{
    "pk": 84,
    "model": "chemical_inventory.chemical",
    "fields": {
        "formula": "Ni(C_5H_7O_2)_2",
        "instability": 0,
        "health": 2,
        "name": "Nickel(II) acetylacetonate",
        "gloves": [
            1
        ],
        "stripped_formula": "Ni(C5H7O2)2",
        "flammability": 0,
        "cas_number": "3264-82-2",
        "safety_data_sheet": "",
        "special_hazards": ""
    }
},
{
    "pk": 85,
    "model": "chemical_inventory.chemical",
    "fields": {
        "formula": "NiSO_4._6H_2O",
        "instability": 0,
        "health": 2,
        "name": "Nickel(II) sulfate hexahydrate",
        "gloves": [
            1
        ],
        "stripped_formula": "NiSO4.6H2O",
        "flammability": 0,
        "cas_number": "10101-97-0",
        "safety_data_sheet": "",
        "special_hazards": ""
    }
},
{
    "pk": 86,
    "model": "chemical_inventory.chemical",
    "fields": {
        "formula": "N_2",
        "instability": 0,
        "health": 3,
        "name": "Nitrogen",
        "gloves": [
            1
        ],
        "stripped_formula": "N2",
        "flammability": 0,
        "cas_number": "7727-37-9",
        "safety_data_sheet": "",
        "special_hazards": ""
    }
},
{
    "pk": 87,
    "model": "chemical_inventory.chemical",
    "fields": {
        "formula": "C_5H_1_2",
        "instability": 0,
        "health": 0,
        "name": "n-Pentane",
        "gloves": [
            1,
            6
        ],
        "stripped_formula": "C5H12",
        "flammability": 4,
        "cas_number": "109-66-0",
        "safety_data_sheet": "safety_data_sheets/n-pentane.pdf",
        "special_hazards": ""
    }
},
{
    "pk": 88,
    "model": "chemical_inventory.chemical",
    "fields": {
        "formula": "C_8H_1_8",
        "instability": 0,
        "health": 2,
        "name": "Octane",
        "gloves": [
            1
        ],
        "stripped_formula": "C8H18",
        "flammability": 3,
        "cas_number": "111-65-9",
        "safety_data_sheet": "safety_data_sheets/octane.pdf",
        "special_hazards": ""
    }
},
{
    "pk": 89,
    "model": "chemical_inventory.chemical",
    "fields": {
        "formula": "CH_3(CH_2)_7CH=CH(CH_2)_7COOH",
        "instability": 0,
        "health": 2,
        "name": "Oleic Acid",
        "gloves": [
            1
        ],
        "stripped_formula": "CH3(CH2)7CH=CH(CH2)7COOH",
        "flammability": 0,
        "cas_number": "112-80-1",
        "safety_data_sheet": "safety_data_sheets/oleic-acid.pdf",
        "special_hazards": ""
    }
},
{
    "pk": 90,
    "model": "chemical_inventory.chemical",
    "fields": {
        "formula": "C_1_8H_3_7N",
        "instability": 0,
        "health": 3,
        "name": "Oleylamine",
        "gloves": [
            1
        ],
        "stripped_formula": "C18H37N",
        "flammability": 1,
        "cas_number": "112-90-3",
        "safety_data_sheet": "safety_data_sheets/oleylamine.pdf",
        "special_hazards": ""
    }
},
{
    "pk": 91,
    "model": "chemical_inventory.chemical",
    "fields": {
        "formula": "O_2",
        "instability": 0,
        "health": 3,
        "name": "Oxygen",
        "gloves": [
            1
        ],
        "stripped_formula": "O2",
        "flammability": 0,
        "cas_number": "7782-44-7",
        "safety_data_sheet": "",
        "special_hazards": ""
    }
},
{
    "pk": 92,
    "model": "chemical_inventory.chemical",
    "fields": {
        "formula": "",
        "instability": 0,
        "health": 0,
        "name": "Paraffin Wax",
        "gloves": [
            1
        ],
        "stripped_formula": "",
        "flammability": 0,
        "cas_number": "8002-74-2",
        "safety_data_sheet": "",
        "special_hazards": ""
    }
},
{
    "pk": 93,
    "model": "chemical_inventory.chemical",
    "fields": {
        "formula": "H_3PO_4",
        "instability": 0,
        "health": 3,
        "name": "Phosphoric Acid (85%/w in H2O)",
        "gloves": [
            5
        ],
        "stripped_formula": "H3PO4",
        "flammability": 0,
        "cas_number": "7664-38-2",
        "safety_data_sheet": "",
        "special_hazards": ""
    }
},
{
    "pk": 94,
    "model": "chemical_inventory.chemical",
    "fields": {
        "formula": "(C_6H_9NO)n",
        "instability": 0,
        "health": 0,
        "name": "Polyvinylpyrrolidone",
        "gloves": [
            1
        ],
        "stripped_formula": "(C6H9NO)n",
        "flammability": 0,
        "cas_number": "9003-39-8",
        "safety_data_sheet": "safety_data_sheets/polyvinylpyrrolidone.pdf",
        "special_hazards": ""
    }
},
{
    "pk": 95,
    "model": "chemical_inventory.chemical",
    "fields": {
        "formula": "KC_2H_3O_2",
        "instability": -1,
        "health": -1,
        "name": "Potassium Acetate",
        "gloves": [
            1
        ],
        "stripped_formula": "KC2H3O2",
        "flammability": -1,
        "cas_number": "127-08-2 ",
        "safety_data_sheet": "",
        "special_hazards": ""
    }
},
{
    "pk": 96,
    "model": "chemical_inventory.chemical",
    "fields": {
        "formula": "KCl",
        "instability": 0,
        "health": 0,
        "name": "Potassium Chloride",
        "gloves": [
            1
        ],
        "stripped_formula": "KCl",
        "flammability": 0,
        "cas_number": "7447-40-7",
        "safety_data_sheet": "safety_data_sheets/potassium-chloride.pdf",
        "special_hazards": ""
    }
},
{
    "pk": 97,
    "model": "chemical_inventory.chemical",
    "fields": {
        "formula": "KF",
        "instability": 0,
        "health": 2,
        "name": "Potassium Fluoride",
        "gloves": [
            1
        ],
        "stripped_formula": "KF",
        "flammability": 0,
        "cas_number": "7789-23-3",
        "safety_data_sheet": "safety_data_sheets/potassium-fluoride.pdf",
        "special_hazards": ""
    }
},
{
    "pk": 98,
    "model": "chemical_inventory.chemical",
    "fields": {
        "formula": "KOH",
        "instability": 1,
        "health": 3,
        "name": "Potassium Hydroxide",
        "gloves": [
            5,
            1
        ],
        "stripped_formula": "KOH",
        "flammability": 0,
        "cas_number": "1310-58-3",
        "safety_data_sheet": "safety_data_sheets/potassium-hydroxide.pdf",
        "special_hazards": ""
    }
},
{
    "pk": 99,
    "model": "chemical_inventory.chemical",
    "fields": {
        "formula": "KNO_3",
        "instability": -1,
        "health": -1,
        "name": "Potassium Nitrate",
        "gloves": [
            1
        ],
        "stripped_formula": "KNO3",
        "flammability": -1,
        "cas_number": "7757-79-1",
        "safety_data_sheet": "",
        "special_hazards": ""
    }
},
{
    "pk": 100,
    "model": "chemical_inventory.chemical",
    "fields": {
        "formula": "K(CF_3COO)",
        "instability": 0,
        "health": 2,
        "name": "Potassium Trifluoroacetate",
        "gloves": [
            1
        ],
        "stripped_formula": "K(CF3COO)",
        "flammability": 0,
        "cas_number": "2923-16-2",
        "safety_data_sheet": "safety_data_sheets/potassium-trifluoroacetate.pdf",
        "special_hazards": ""
    }
},
{
    "pk": 101,
    "model": "chemical_inventory.chemical",
    "fields": {
        "formula": "SiO_2",
        "instability": 0,
        "health": 0,
        "name": "Sand",
        "gloves": [
            1
        ],
        "stripped_formula": "SiO2",
        "flammability": 0,
        "cas_number": "14808-60-7",
        "safety_data_sheet": "safety_data_sheets/sand.pdf",
        "special_hazards": ""
    }
},
{
    "pk": 102,
    "model": "chemical_inventory.chemical",
    "fields": {
        "formula": "Ag(CF_3COO)",
        "instability": 0,
        "health": 2,
        "name": "Silver Trifluoroacetate",
        "gloves": [
            1
        ],
        "stripped_formula": "Ag(CF3COO)",
        "flammability": 0,
        "cas_number": "2966-50-9",
        "safety_data_sheet": "safety_data_sheets/silver-trifluoroacetate.pdf",
        "special_hazards": ""
    }
},
{
    "pk": 103,
    "model": "chemical_inventory.chemical",
    "fields": {
        "formula": "Na",
        "instability": 2,
        "health": 3,
        "name": "Sodium",
        "gloves": [
            2,
            5
        ],
        "stripped_formula": "Na",
        "flammability": 4,
        "cas_number": "7440-23-5",
        "safety_data_sheet": "",
        "special_hazards": ""
    }
},
{
    "pk": 104,
    "model": "chemical_inventory.chemical",
    "fields": {
        "formula": "NaCHO_3",
        "instability": 0,
        "health": 2,
        "name": "Sodium bicarbonate",
        "gloves": [
            1,
            2,
            5,
            6,
            8
        ],
        "stripped_formula": "NaCHO3",
        "flammability": 0,
        "cas_number": "144-55-8",
        "safety_data_sheet": "",
        "special_hazards": ""
    }
},
{
    "pk": 105,
    "model": "chemical_inventory.chemical",
    "fields": {
        "formula": "Na_2CO_3",
        "instability": 0,
        "health": 2,
        "name": "Sodium carbonate",
        "gloves": [
            1
        ],
        "stripped_formula": "Na2CO3",
        "flammability": 0,
        "cas_number": "497-19-8",
        "safety_data_sheet": "",
        "special_hazards": ""
    }
},
{
    "pk": 106,
    "model": "chemical_inventory.chemical",
    "fields": {
        "formula": "NaAsF_6",
        "instability": 0,
        "health": 2,
        "name": "Sodium Hexafluoroarsenate (V)",
        "gloves": [
            1
        ],
        "stripped_formula": "NaAsF6",
        "flammability": 0,
        "cas_number": "12005-86-6",
        "safety_data_sheet": "",
        "special_hazards": ""
    }
},
{
    "pk": 107,
    "model": "chemical_inventory.chemical",
    "fields": {
        "formula": "NaOH",
        "instability": -1,
        "health": -1,
        "name": "Sodium Hydroxide",
        "gloves": [
            1
        ],
        "stripped_formula": "NaOH",
        "flammability": -1,
        "cas_number": "1310-73-2",
        "safety_data_sheet": "",
        "special_hazards": ""
    }
},
{
    "pk": 108,
    "model": "chemical_inventory.chemical",
    "fields": {
        "formula": "NaNO_3",
        "instability": 1,
        "health": 1,
        "name": "Sodium Nitrate",
        "gloves": [
            1,
            2,
            5,
            6,
            8
        ],
        "stripped_formula": "NaNO3",
        "flammability": 0,
        "cas_number": "7631-99-4",
        "safety_data_sheet": "",
        "special_hazards": ""
    }
},
{
    "pk": 109,
    "model": "chemical_inventory.chemical",
    "fields": {
        "formula": "CF_3COONa",
        "instability": 0,
        "health": 0,
        "name": "Sodium trifluoroacetate",
        "gloves": [
            1
        ],
        "stripped_formula": "CF3COONa",
        "flammability": 0,
        "cas_number": "2923-18-4",
        "safety_data_sheet": "",
        "special_hazards": ""
    }
},
{
    "pk": 110,
    "model": "chemical_inventory.chemical",
    "fields": {
        "formula": "C_3_0H_5_0",
        "instability": 0,
        "health": 0,
        "name": "Squalene",
        "gloves": [
            1
        ],
        "stripped_formula": "C30H50",
        "flammability": 1,
        "cas_number": "111-02-4",
        "safety_data_sheet": "safety_data_sheets/squalene.pdf",
        "special_hazards": ""
    }
},
{
    "pk": 111,
    "model": "chemical_inventory.chemical",
    "fields": {
        "formula": "C_1_2H_2_2O_1_1",
        "instability": 0,
        "health": 0,
        "name": "Sucrose",
        "gloves": [
            1
        ],
        "stripped_formula": "C12H22O11",
        "flammability": 1,
        "cas_number": "57-50-1",
        "safety_data_sheet": "safety_data_sheets/sucrose.pdf",
        "special_hazards": ""
    }
},
{
    "pk": 112,
    "model": "chemical_inventory.chemical",
    "fields": {
        "formula": "H_2SO_4",
        "instability": 2,
        "health": 3,
        "name": "Sulfuric Acid",
        "gloves": [
            2
        ],
        "stripped_formula": "H2SO4",
        "flammability": 0,
        "cas_number": "7664-93-9",
        "safety_data_sheet": "",
        "special_hazards": ""
    }
},
{
    "pk": 113,
    "model": "chemical_inventory.chemical",
    "fields": {
        "formula": "",
        "instability": 0,
        "health": 0,
        "name": "Synthetic Air",
        "gloves": [
            1
        ],
        "stripped_formula": "",
        "flammability": 0,
        "cas_number": "SynthAir",
        "safety_data_sheet": "",
        "special_hazards": ""
    }
},
{
    "pk": 114,
    "model": "chemical_inventory.chemical",
    "fields": {
        "formula": "Ti_2O_3",
        "instability": 0,
        "health": 0,
        "name": "Titanium(III) Oxide",
        "gloves": [
            1
        ],
        "stripped_formula": "Ti2O3",
        "flammability": 0,
        "cas_number": "1344-54-3",
        "safety_data_sheet": "safety_data_sheets/titaniumiii-oxide.pdf",
        "special_hazards": ""
    }
},
{
    "pk": 115,
    "model": "chemical_inventory.chemical",
    "fields": {
        "formula": "TiO_2",
        "instability": 0,
        "health": 0,
        "name": "Titanium(IV) Oxide",
        "gloves": [
            1
        ],
        "stripped_formula": "TiO2",
        "flammability": 0,
        "cas_number": "1317-70-0",
        "safety_data_sheet": "safety_data_sheets/titaniumiv-oxide.pdf",
        "special_hazards": ""
    }
},
{
    "pk": 116,
    "model": "chemical_inventory.chemical",
    "fields": {
        "formula": "CF_3COOH",
        "instability": 0,
        "health": 3,
        "name": "Trifluoroacetic Acid",
        "gloves": [
            1
        ],
        "stripped_formula": "CF3COOH",
        "flammability": 0,
        "cas_number": "76-05-1",
        "safety_data_sheet": "safety_data_sheets/trifluoroacetic-acid.pdf",
        "special_hazards": ""
    }
},
{
    "pk": 117,
    "model": "chemical_inventory.chemical",
    "fields": {
        "formula": "C_4F_6O_3",
        "instability": -1,
        "health": -1,
        "name": "Trifluoroacetic anhydride",
        "gloves": [
            1
        ],
        "stripped_formula": "C4F6O3",
        "flammability": -1,
        "cas_number": "407-25-0",
        "safety_data_sheet": "",
        "special_hazards": ""
    }
},
{
    "pk": 118,
    "model": "chemical_inventory.chemical",
    "fields": {
        "formula": "C_3H_9NO",
        "instability": 0,
        "health": 2,
        "name": "Trimethylamine N-oxide",
        "gloves": [
            1
        ],
        "stripped_formula": "C3H9NO",
        "flammability": 0,
        "cas_number": "21679-46-9",
        "safety_data_sheet": "",
        "special_hazards": ""
    }
},
{
    "pk": 119,
    "model": "chemical_inventory.chemical",
    "fields": {
        "formula": "",
        "instability": 0,
        "health": 0,
        "name": "Trimethylamine N-oxide dihydrate",
        "gloves": [
            1
        ],
        "stripped_formula": "",
        "flammability": 0,
        "cas_number": "62637-93-8",
        "safety_data_sheet": "",
        "special_hazards": ""
    }
},
{
    "pk": 120,
    "model": "chemical_inventory.chemical",
    "fields": {
        "formula": "C_2_4H_5_1P",
        "instability": 0,
        "health": 3,
        "name": "Trioctylphosphine",
        "gloves": [
            2
        ],
        "stripped_formula": "C24H51P",
        "flammability": 1,
        "cas_number": "4731-53-7",
        "safety_data_sheet": "",
        "special_hazards": ""
    }
},
{
    "pk": 121,
    "model": "chemical_inventory.chemical",
    "fields": {
        "formula": "VF_3",
        "instability": 2,
        "health": 3,
        "name": "Vanadium (III) fluoride",
        "gloves": [
            1
        ],
        "stripped_formula": "VF3",
        "flammability": 0,
        "cas_number": "10049-12-4",
        "safety_data_sheet": "",
        "special_hazards": ""
    }
},
{
    "pk": 122,
    "model": "chemical_inventory.chemical",
    "fields": {
        "formula": "V_2O_5",
        "instability": 0,
        "health": 3,
        "name": "Vanadium (V) oxide",
        "gloves": [
            1
        ],
        "stripped_formula": "V2O5",
        "flammability": 0,
        "cas_number": "1314-62-1",
        "safety_data_sheet": "",
        "special_hazards": ""
    }
},
{
    "pk": 123,
    "model": "chemical_inventory.chemical",
    "fields": {
        "formula": "VOSO_4 \u00b7 xH_2O",
        "instability": 0,
        "health": 1,
        "name": "Vanadium(IV) oxide sulfate hydrate",
        "gloves": [
            1
        ],
        "stripped_formula": "VOSO4 \u00b7 xH2O",
        "flammability": 0,
        "cas_number": "123334-20-3",
        "safety_data_sheet": "",
        "special_hazards": ""
    }
},
{
    "pk": 124,
    "model": "chemical_inventory.chemical",
    "fields": {
        "formula": "Y(CF_3CO_2)_3 \u00b7 xH_2O",
        "instability": 0,
        "health": 2,
        "name": "Yttrium(III) Trifluoroacetate Hydrate",
        "gloves": [
            1
        ],
        "stripped_formula": "Y(CF3CO2)3 \u00b7 xH2O",
        "flammability": 0,
        "cas_number": "304851-95-4",
        "safety_data_sheet": "safety_data_sheets/yttriumiii-trifluoroacetate-hydrate.pdf",
        "special_hazards": ""
    }
},
{
    "pk": 125,
    "model": "chemical_inventory.chemical",
    "fields": {
        "formula": "ZnCl_2",
        "instability": 0,
        "health": 3,
        "name": "Zinc Chloride",
        "gloves": [
            1,
            2,
            5,
            6,
            8
        ],
        "stripped_formula": "ZnCl2",
        "flammability": 0,
        "cas_number": "7646-85-7",
        "safety_data_sheet": "",
        "special_hazards": ""
    }
},
{
    "pk": 126,
    "model": "chemical_inventory.chemical",
    "fields": {
        "formula": "Zn(NO_3)_2 \u00b7 6H_2O",
        "instability": 2,
        "health": 3,
        "name": "Zinc Nitrate Hexahydrate",
        "gloves": [
            1
        ],
        "stripped_formula": "Zn(NO3)2 \u00b7 6H2O",
        "flammability": 0,
        "cas_number": "10196-18-6",
        "safety_data_sheet": "",
        "special_hazards": ""
    }
},
{
    "pk": 1,
    "model": "chemical_inventory.glove",
    "fields": {
        "supplier": [],
        "name": "Nitrile"
    }
},
{
    "pk": 2,
    "model": "chemical_inventory.glove",
    "fields": {
        "supplier": [],
        "name": "Butyl"
    }
},
{
    "pk": 5,
    "model": "chemical_inventory.glove",
    "fields": {
        "supplier": [],
        "name": "Latex"
    }
},
{
    "pk": 6,
    "model": "chemical_inventory.glove",
    "fields": {
        "supplier": [],
        "name": "PVA"
    }
},
{
    "pk": 8,
    "model": "chemical_inventory.glove",
    "fields": {
        "supplier": [],
        "name": " PVC"
    }
},
{
    "pk": 11,
    "model": "chemical_inventory.location",
    "fields": {
        "building": "SES",
        "msds_location": "",
        "room_number": "4163",
        "name": "Fume Hood C Storage"
    }
},
{
    "pk": 13,
    "model": "chemical_inventory.location",
    "fields": {
        "building": "NA",
        "msds_location": "",
        "room_number": "NA",
        "name": ""
    }
},
{
    "pk": 14,
    "model": "chemical_inventory.location",
    "fields": {
        "building": "SES",
        "msds_location": "",
        "room_number": "4163",
        "name": "Fume Hood D Storage"
    }
},
{
    "pk": 15,
    "model": "chemical_inventory.location",
    "fields": {
        "building": "SES",
        "msds_location": "",
        "room_number": "4130",
        "name": "Gas Storage"
    }
},
{
    "pk": 16,
    "model": "chemical_inventory.location",
    "fields": {
        "building": "SES",
        "msds_location": "",
        "room_number": "4163",
        "name": "Glove Box"
    }
},
{
    "pk": 17,
    "model": "chemical_inventory.location",
    "fields": {
        "building": "SES",
        "msds_location": "",
        "room_number": "4163",
        "name": "Chemical Cabinet"
    }
},
{
    "pk": 18,
    "model": "chemical_inventory.location",
    "fields": {
        "building": "SES",
        "msds_location": "",
        "room_number": "4163",
        "name": "Gas Storage"
    }
},
{
    "pk": 19,
    "model": "chemical_inventory.location",
    "fields": {
        "building": "SES",
        "msds_location": "",
        "room_number": "4130",
        "name": "Glove Box"
    }
},
{
    "pk": 20,
    "model": "chemical_inventory.location",
    "fields": {
        "building": "SES",
        "msds_location": "",
        "room_number": "4163",
        "name": "'Squirtle' Dessicator"
    }
},
{
    "pk": 21,
    "model": "chemical_inventory.location",
    "fields": {
        "building": "SES",
        "msds_location": "",
        "room_number": "4163",
        "name": "'Charmander' Dessicator"
    }
},
{
    "pk": 1,
    "model": "chemical_inventory.supplier",
    "fields": {
        "name": "Sigma-Aldrich"
    }
},
{
    "pk": 2,
    "model": "chemical_inventory.supplier",
    "fields": {
        "name": "Alfa Aesar"
    }
},
{
    "pk": 3,
    "model": "chemical_inventory.supplier",
    "fields": {
        "name": "Praxair"
    }
},
{
    "pk": 4,
    "model": "chemical_inventory.supplier",
    "fields": {
        "name": "VWR"
    }
},
{
    "pk": 5,
    "model": "chemical_inventory.supplier",
    "fields": {
        "name": "Mallinekrodt"
    }
},
{
    "pk": 6,
    "model": "chemical_inventory.supplier",
    "fields": {
        "name": "mallinekrodt"
    }
},
{
    "pk": 7,
    "model": "chemical_inventory.supplier",
    "fields": {
        "name": "Fisher Scientific"
    }
},
{
    "pk": 8,
    "model": "chemical_inventory.supplier",
    "fields": {
        "name": "Spectrum"
    }
},
{
    "pk": 9,
    "model": "chemical_inventory.supplier",
    "fields": {
        "name": ""
    }
},
{
    "pk": 10,
    "model": "chemical_inventory.supplier",
    "fields": {
        "name": "test"
    }
},
{
    "pk": 11,
    "model": "chemical_inventory.supplier",
    "fields": {
        "name": "Acros"
    }
},
{
    "pk": 12,
    "model": "chemical_inventory.supplier",
    "fields": {
        "name": "EM Science"
    }
},
{
    "pk": 13,
    "model": "chemical_inventory.supplier",
    "fields": {
        "name": "Materion"
    }
},
{
    "pk": 14,
    "model": "chemical_inventory.supplier",
    "fields": {
        "name": "Decon"
    }
},
{
    "pk": 1,
    "model": "auth.permission",
    "fields": {
        "codename": "add_logentry",
        "content_type": 1,
        "name": "Can add log entry"
    }
},
{
    "pk": 2,
    "model": "auth.permission",
    "fields": {
        "codename": "change_logentry",
        "content_type": 1,
        "name": "Can change log entry"
    }
},
{
    "pk": 3,
    "model": "auth.permission",
    "fields": {
        "codename": "delete_logentry",
        "content_type": 1,
        "name": "Can delete log entry"
    }
},
{
    "pk": 4,
    "model": "auth.permission",
    "fields": {
        "codename": "add_permission",
        "content_type": 2,
        "name": "Can add permission"
    }
},
{
    "pk": 5,
    "model": "auth.permission",
    "fields": {
        "codename": "change_permission",
        "content_type": 2,
        "name": "Can change permission"
    }
},
{
    "pk": 6,
    "model": "auth.permission",
    "fields": {
        "codename": "delete_permission",
        "content_type": 2,
        "name": "Can delete permission"
    }
},
{
    "pk": 7,
    "model": "auth.permission",
    "fields": {
        "codename": "add_group",
        "content_type": 3,
        "name": "Can add group"
    }
},
{
    "pk": 8,
    "model": "auth.permission",
    "fields": {
        "codename": "change_group",
        "content_type": 3,
        "name": "Can change group"
    }
},
{
    "pk": 9,
    "model": "auth.permission",
    "fields": {
        "codename": "delete_group",
        "content_type": 3,
        "name": "Can delete group"
    }
},
{
    "pk": 10,
    "model": "auth.permission",
    "fields": {
        "codename": "add_user",
        "content_type": 4,
        "name": "Can add user"
    }
},
{
    "pk": 11,
    "model": "auth.permission",
    "fields": {
        "codename": "change_user",
        "content_type": 4,
        "name": "Can change user"
    }
},
{
    "pk": 12,
    "model": "auth.permission",
    "fields": {
        "codename": "delete_user",
        "content_type": 4,
        "name": "Can delete user"
    }
},
{
    "pk": 13,
    "model": "auth.permission",
    "fields": {
        "codename": "add_contenttype",
        "content_type": 5,
        "name": "Can add content type"
    }
},
{
    "pk": 14,
    "model": "auth.permission",
    "fields": {
        "codename": "change_contenttype",
        "content_type": 5,
        "name": "Can change content type"
    }
},
{
    "pk": 15,
    "model": "auth.permission",
    "fields": {
        "codename": "delete_contenttype",
        "content_type": 5,
        "name": "Can delete content type"
    }
},
{
    "pk": 16,
    "model": "auth.permission",
    "fields": {
        "codename": "add_session",
        "content_type": 6,
        "name": "Can add session"
    }
},
{
    "pk": 17,
    "model": "auth.permission",
    "fields": {
        "codename": "change_session",
        "content_type": 6,
        "name": "Can change session"
    }
},
{
    "pk": 18,
    "model": "auth.permission",
    "fields": {
        "codename": "delete_session",
        "content_type": 6,
        "name": "Can delete session"
    }
},
{
    "pk": 19,
    "model": "auth.permission",
    "fields": {
        "codename": "add_chemical",
        "content_type": 7,
        "name": "Can add chemical"
    }
},
{
    "pk": 20,
    "model": "auth.permission",
    "fields": {
        "codename": "change_chemical",
        "content_type": 7,
        "name": "Can change chemical"
    }
},
{
    "pk": 21,
    "model": "auth.permission",
    "fields": {
        "codename": "delete_chemical",
        "content_type": 7,
        "name": "Can delete chemical"
    }
},
{
    "pk": 22,
    "model": "auth.permission",
    "fields": {
        "codename": "add_glove",
        "content_type": 8,
        "name": "Can add glove"
    }
},
{
    "pk": 23,
    "model": "auth.permission",
    "fields": {
        "codename": "change_glove",
        "content_type": 8,
        "name": "Can change glove"
    }
},
{
    "pk": 24,
    "model": "auth.permission",
    "fields": {
        "codename": "delete_glove",
        "content_type": 8,
        "name": "Can delete glove"
    }
},
{
    "pk": 25,
    "model": "auth.permission",
    "fields": {
        "codename": "add_container",
        "content_type": 9,
        "name": "Can add container"
    }
},
{
    "pk": 26,
    "model": "auth.permission",
    "fields": {
        "codename": "change_container",
        "content_type": 9,
        "name": "Can change container"
    }
},
{
    "pk": 27,
    "model": "auth.permission",
    "fields": {
        "codename": "delete_container",
        "content_type": 9,
        "name": "Can delete container"
    }
},
{
    "pk": 28,
    "model": "auth.permission",
    "fields": {
        "codename": "add_supportingdocument",
        "content_type": 10,
        "name": "Can add supporting document"
    }
},
{
    "pk": 29,
    "model": "auth.permission",
    "fields": {
        "codename": "change_supportingdocument",
        "content_type": 10,
        "name": "Can change supporting document"
    }
},
{
    "pk": 30,
    "model": "auth.permission",
    "fields": {
        "codename": "delete_supportingdocument",
        "content_type": 10,
        "name": "Can delete supporting document"
    }
},
{
    "pk": 31,
    "model": "auth.permission",
    "fields": {
        "codename": "add_location",
        "content_type": 11,
        "name": "Can add location"
    }
},
{
    "pk": 32,
    "model": "auth.permission",
    "fields": {
        "codename": "change_location",
        "content_type": 11,
        "name": "Can change location"
    }
},
{
    "pk": 33,
    "model": "auth.permission",
    "fields": {
        "codename": "delete_location",
        "content_type": 11,
        "name": "Can delete location"
    }
},
{
    "pk": 34,
    "model": "auth.permission",
    "fields": {
        "codename": "add_supplier",
        "content_type": 12,
        "name": "Can add supplier"
    }
},
{
    "pk": 35,
    "model": "auth.permission",
    "fields": {
        "codename": "change_supplier",
        "content_type": 12,
        "name": "Can change supplier"
    }
},
{
    "pk": 36,
    "model": "auth.permission",
    "fields": {
        "codename": "delete_supplier",
        "content_type": 12,
        "name": "Can delete supplier"
    }
},
{
    "pk": 1,
    "model": "auth.group",
    "fields": {
        "permissions": [
            10,
            11,
            19,
            20,
            21,
            25,
            26,
            27,
            22,
            23,
            24,
            31,
            32,
            33,
            34,
            35,
            36,
            28,
            29,
            30
        ],
        "name": "Lab Managers"
    }
},
{
    "pk": 1,
    "model": "auth.user",
    "fields": {
        "groups": [
            1
        ],
        "password": "pbkdf2_sha256$20000$8pvVXWdpfStY$AaoJToNmK7iZitUhiJaBJKU3WHtHRDK3WSaYKGDD6Kw=",
        "is_active": true,
        "is_superuser": true,
        "email": "mark.wolf.music@gmail.com",
        "first_name": "Mark",
        "last_login": "2015-10-28T02:16:13.769Z",
        "last_name": "Wolf",
        "username": "mwolf",
        "user_permissions": [],
        "is_staff": true,
        "date_joined": "2015-09-03T22:54:08Z"
    }
},
{
    "pk": 2,
    "model": "auth.user",
    "fields": {
        "groups": [],
        "password": "pbkdf2_sha256$20000$MNJcCIVB3O5I$ncBHYmr399XSg5FhnDGdaX/emVx8zR2kHIMCJaVZRXw=",
        "is_active": true,
        "is_superuser": true,
        "email": "plews2@uic.edu",
        "first_name": "Mike",
        "last_login": "2015-10-27T15:44:58.721Z",
        "last_name": "Plews",
        "username": "mplews",
        "user_permissions": [],
        "is_staff": true,
        "date_joined": "2015-09-04T00:04:02Z"
    }
},
{
    "pk": 3,
    "model": "auth.user",
    "fields": {
        "groups": [],
        "password": "!",
        "is_active": false,
        "is_superuser": false,
        "email": "",
        "first_name": "Tanghong",
        "last_login": "2015-01-01T00:04:02Z",
        "last_name": "Yi",
        "username": "tyi",
        "user_permissions": [],
        "is_staff": false,
        "date_joined": "2015-01-01T00:04:02Z"
    }
},
{
    "pk": 4,
    "model": "auth.user",
    "fields": {
        "groups": [],
        "password": "!",
        "is_active": false,
        "is_superuser": false,
        "email": "",
        "first_name": "Chunjoong",
        "last_login": "2015-01-01T00:04:02Z",
        "last_name": "Kim",
        "username": "chunjoong",
        "user_permissions": [],
        "is_staff": false,
        "date_joined": "2015-01-01T00:04:02Z"
    }
},
{
    "pk": 5,
    "model": "auth.user",
    "fields": {
        "groups": [],
        "password": "!",
        "is_active": false,
        "is_superuser": false,
        "email": "bkwon8@uic.edu",
        "first_name": "Bobjin",
        "last_login": "2015-01-01T00:04:02Z",
        "last_name": "Kwon",
        "username": "bkwon",
        "user_permissions": [],
        "is_staff": false,
        "date_joined": "2015-01-01T00:04:02Z"
    }
},
{
    "pk": 6,
    "model": "auth.user",
    "fields": {
        "groups": [],
        "password": "!",
        "is_active": false,
        "is_superuser": false,
        "email": "may16@uic.edu",
        "first_name": "Brian",
        "last_login": "2015-01-01T00:04:02Z",
        "last_name": "May",
        "username": "bmay",
        "user_permissions": [],
        "is_staff": false,
        "date_joined": "2015-01-01T00:04:02Z"
    }
},
{
    "pk": 7,
    "model": "auth.user",
    "fields": {
        "groups": [],
        "password": "pbkdf2_sha256$20000$GUjNPIMNFVLN$eY+I/i1meTcMJy8UlnKDw564j7ECyUrWSE17nWJZXYA=",
        "is_active": true,
        "is_superuser": false,
        "email": "rbayliss@uic.edu",
        "first_name": "Ryan",
        "last_login": null,
        "last_name": "Bayliss",
        "username": "rbayliss",
        "user_permissions": [],
        "is_staff": false,
        "date_joined": "2015-10-26T19:58:42Z"
    }
},
{
    "pk": 8,
    "model": "auth.user",
    "fields": {
        "groups": [
            1
        ],
        "password": "pbkdf2_sha256$20000$Q5SewlfyqrpZ$2ACZOgWYG0WhwOfjUUlTb33ncKiMyH/n4zAAgq1GSsY=",
        "is_active": true,
        "is_superuser": false,
        "email": "jcabana@uic.edu",
        "first_name": "Jordi",
        "last_login": null,
        "last_name": "Cabana",
        "username": "jcabana",
        "user_permissions": [],
        "is_staff": false,
        "date_joined": "2015-10-26T19:59:04Z"
    }
},
{
    "pk": 9,
    "model": "auth.user",
    "fields": {
        "groups": [
            1
        ],
        "password": "pbkdf2_sha256$20000$T6KwavU82QWx$JpK6a7142+L0lC79hrPsecDp2Mgr996dnO+fyXrzJwo=",
        "is_active": true,
        "is_superuser": false,
        "email": "nolis2@uic.edu",
        "first_name": "Gene",
        "last_login": null,
        "last_name": "Nolis",
        "username": "gnolis",
        "user_permissions": [],
        "is_staff": true,
        "date_joined": "2015-10-26T20:35:02Z"
    }
},
{
    "pk": 10,
    "model": "auth.user",
    "fields": {
        "groups": [],
        "password": "pbkdf2_sha256$20000$r0r0RQJz2VjP$AGZK/fGEi8jrW1oLQDRY8CPkLVXFO5J8b7wF46y6DO4=",
        "is_active": true,
        "is_superuser": false,
        "email": "knecht9@uic.edu",
        "first_name": "Sam",
        "last_login": null,
        "last_name": "Yoo",
        "username": "hyoo",
        "user_permissions": [],
        "is_staff": false,
        "date_joined": "2015-10-26T20:35:27Z"
    }
},
{
    "pk": 11,
    "model": "auth.user",
    "fields": {
        "groups": [],
        "password": "pbkdf2_sha256$20000$OyvOJsjIOvad$PMG8xSwZkIoKpkRkfVoezXrt5eCAffLdHtxfatNLazM=",
        "is_active": true,
        "is_superuser": false,
        "email": "",
        "first_name": "Same",
        "last_login": null,
        "last_name": "",
        "username": "same",
        "user_permissions": [],
        "is_staff": false,
        "date_joined": "2015-10-26T20:36:58Z"
    }
},
{
    "pk": 12,
    "model": "auth.user",
    "fields": {
        "groups": [],
        "password": "pbkdf2_sha256$20000$PLoSM81ILvtb$JDYVDFAbcm9xZA0Ef8NEGx3bSqUOqIp6we+6/x5eJtk=",
        "is_active": true,
        "is_superuser": false,
        "email": "lapping1@uic.edu",
        "first_name": "Jacob",
        "last_login": null,
        "last_name": "Lapping",
        "username": "jlapping",
        "user_permissions": [],
        "is_staff": false,
        "date_joined": "2015-10-26T21:06:56Z"
    }
},
{
    "pk": 13,
    "model": "auth.user",
    "fields": {
        "groups": [],
        "password": "pbkdf2_sha256$20000$p0TswxHR1P1P$m8wqpKA2AGoCQfH5KjhuEv6FyNxsgn8frecs7vXWTpM=",
        "is_active": true,
        "is_superuser": false,
        "email": "lhu102@uic.edu",
        "first_name": "Linhua",
        "last_login": null,
        "last_name": "Hu",
        "username": "lhu",
        "user_permissions": [],
        "is_staff": false,
        "date_joined": "2015-10-26T21:07:41Z"
    }
},
{
    "pk": 1411,
    "model": "chemical_inventory.container",
    "fields": {
        "owner": 2,
        "expiration_date": "2015-08-07",
        "container_type": "Glass Bottle",
        "barcode": "",
        "unit_of_measure": null,
        "comment": "Imported from old inventory on 2015-10-26",
        "chemical": 37,
        "is_empty": false,
        "location": 16,
        "supplier": 1,
        "quantity": null,
        "state": "Solid",
        "batch": "SZBE0200V",
        "date_added": "2015-10-26T20:37:08.419Z",
        "date_opened": "2015-10-26",
        "emptied_by": null
    }
},
{
    "pk": 1412,
    "model": "chemical_inventory.container",
    "fields": {
        "owner": 3,
        "expiration_date": "2015-08-07",
        "container_type": "Glass Bottle",
        "barcode": "",
        "unit_of_measure": null,
        "comment": "Imported from old inventory on 2015-10-26",
        "chemical": 51,
        "is_empty": false,
        "location": 16,
        "supplier": 1,
        "quantity": null,
        "state": "Solid",
        "batch": "MKBP0630V",
        "date_added": "2015-10-26T20:37:08.495Z",
        "date_opened": "2015-10-26",
        "emptied_by": null
    }
},
{
    "pk": 1413,
    "model": "chemical_inventory.container",
    "fields": {
        "owner": 3,
        "expiration_date": "2015-08-07",
        "container_type": "Glass Bottle",
        "barcode": "",
        "unit_of_measure": null,
        "comment": "Imported from old inventory on 2015-10-26",
        "chemical": 121,
        "is_empty": false,
        "location": 16,
        "supplier": 2,
        "quantity": null,
        "state": "Solid",
        "batch": "F22W001",
        "date_added": "2015-10-26T20:37:08.542Z",
        "date_opened": "2015-10-26",
        "emptied_by": null
    }
},
{
    "pk": 1414,
    "model": "chemical_inventory.container",
    "fields": {
        "owner": 2,
        "expiration_date": "2015-08-20",
        "container_type": "Glass Bottle",
        "barcode": "",
        "unit_of_measure": null,
        "comment": "Imported from old inventory on 2015-10-26",
        "chemical": 100,
        "is_empty": false,
        "location": 16,
        "supplier": 1,
        "quantity": null,
        "state": "Solid",
        "batch": "BCBM2895V",
        "date_added": "2015-10-26T20:37:08.591Z",
        "date_opened": "2015-10-26",
        "emptied_by": null
    }
},
{
    "pk": 1415,
    "model": "chemical_inventory.container",
    "fields": {
        "owner": 2,
        "expiration_date": "2015-08-27",
        "container_type": "Glass Bottle",
        "barcode": "",
        "unit_of_measure": null,
        "comment": "Imported from old inventory on 2015-10-26",
        "chemical": 2,
        "is_empty": false,
        "location": 16,
        "supplier": 1,
        "quantity": null,
        "state": "Liquid",
        "batch": "SHBF1641V",
        "date_added": "2015-10-26T20:37:08.648Z",
        "date_opened": "2015-10-26",
        "emptied_by": null
    }
},
{
    "pk": 1416,
    "model": "chemical_inventory.container",
    "fields": {
        "owner": 2,
        "expiration_date": "2015-09-18",
        "container_type": "Glass Bottle",
        "barcode": "",
        "unit_of_measure": null,
        "comment": "Imported from old inventory on 2015-10-26",
        "chemical": 110,
        "is_empty": false,
        "location": 17,
        "supplier": 1,
        "quantity": null,
        "state": "Liquid",
        "batch": "MKBQ5948V",
        "date_added": "2015-10-26T20:37:08.681Z",
        "date_opened": "2015-10-26",
        "emptied_by": null
    }
},
{
    "pk": 1417,
    "model": "chemical_inventory.container",
    "fields": {
        "owner": null,
        "expiration_date": "2016-10-25",
        "container_type": "Metal Cannister",
        "barcode": "",
        "unit_of_measure": null,
        "comment": "Imported from old inventory on 2015-10-26",
        "chemical": 13,
        "is_empty": false,
        "location": 18,
        "supplier": 3,
        "quantity": null,
        "state": "Gas",
        "batch": "",
        "date_added": "2015-10-26T20:37:08.710Z",
        "date_opened": "2015-10-26",
        "emptied_by": null
    }
},
{
    "pk": 1418,
    "model": "chemical_inventory.container",
    "fields": {
        "owner": null,
        "expiration_date": "2016-10-25",
        "container_type": "Metal Cannister",
        "barcode": "",
        "unit_of_measure": null,
        "comment": "Imported from old inventory on 2015-10-26",
        "chemical": 13,
        "is_empty": false,
        "location": 18,
        "supplier": 3,
        "quantity": null,
        "state": "Gas",
        "batch": "",
        "date_added": "2015-10-26T20:37:08.739Z",
        "date_opened": "2015-10-26",
        "emptied_by": null
    }
},
{
    "pk": 1419,
    "model": "chemical_inventory.container",
    "fields": {
        "owner": null,
        "expiration_date": "2016-10-25",
        "container_type": "Metal Cannister",
        "barcode": "",
        "unit_of_measure": null,
        "comment": "Imported from old inventory on 2015-10-26",
        "chemical": 13,
        "is_empty": false,
        "location": 18,
        "supplier": 3,
        "quantity": null,
        "state": "Gas",
        "batch": "",
        "date_added": "2015-10-26T20:37:08.770Z",
        "date_opened": "2015-10-26",
        "emptied_by": null
    }
},
{
    "pk": 1420,
    "model": "chemical_inventory.container",
    "fields": {
        "owner": null,
        "expiration_date": "2016-10-25",
        "container_type": "Metal Cannister",
        "barcode": "",
        "unit_of_measure": null,
        "comment": "Imported from old inventory on 2015-10-26",
        "chemical": 13,
        "is_empty": false,
        "location": 18,
        "supplier": 3,
        "quantity": null,
        "state": "Gas",
        "batch": "",
        "date_added": "2015-10-26T20:37:08.800Z",
        "date_opened": "2015-10-26",
        "emptied_by": null
    }
},
{
    "pk": 1421,
    "model": "chemical_inventory.container",
    "fields": {
        "owner": null,
        "expiration_date": "2016-10-25",
        "container_type": "Metal Cannister",
        "barcode": "",
        "unit_of_measure": null,
        "comment": "Imported from old inventory on 2015-10-26",
        "chemical": 13,
        "is_empty": false,
        "location": 18,
        "supplier": 3,
        "quantity": null,
        "state": "Gas",
        "batch": "",
        "date_added": "2015-10-26T20:37:08.830Z",
        "date_opened": "2015-10-26",
        "emptied_by": null
    }
},
{
    "pk": 1422,
    "model": "chemical_inventory.container",
    "fields": {
        "owner": null,
        "expiration_date": "2016-10-25",
        "container_type": "Metal Cannister",
        "barcode": "",
        "unit_of_measure": null,
        "comment": "Imported from old inventory on 2015-10-26",
        "chemical": 86,
        "is_empty": false,
        "location": 18,
        "supplier": 3,
        "quantity": null,
        "state": "Gas",
        "batch": "",
        "date_added": "2015-10-26T20:37:08.860Z",
        "date_opened": "2015-10-26",
        "emptied_by": null
    }
},
{
    "pk": 1423,
    "model": "chemical_inventory.container",
    "fields": {
        "owner": null,
        "expiration_date": "2016-10-25",
        "container_type": "Metal Cannister",
        "barcode": "",
        "unit_of_measure": null,
        "comment": "Imported from old inventory on 2015-10-26",
        "chemical": 86,
        "is_empty": false,
        "location": 18,
        "supplier": 3,
        "quantity": null,
        "state": "Gas",
        "batch": "",
        "date_added": "2015-10-26T20:37:08.890Z",
        "date_opened": "2015-10-26",
        "emptied_by": null
    }
},
{
    "pk": 1424,
    "model": "chemical_inventory.container",
    "fields": {
        "owner": null,
        "expiration_date": "2016-02-04",
        "container_type": "Metal Cannister",
        "barcode": "",
        "unit_of_measure": null,
        "comment": "Imported from old inventory on 2015-10-26",
        "chemical": 113,
        "is_empty": false,
        "location": 18,
        "supplier": 3,
        "quantity": null,
        "state": "Gas",
        "batch": "",
        "date_added": "2015-10-26T20:37:08.920Z",
        "date_opened": "2015-10-26",
        "emptied_by": null
    }
},
{
    "pk": 1425,
    "model": "chemical_inventory.container",
    "fields": {
        "owner": null,
        "expiration_date": "2016-02-04",
        "container_type": "Metal Cannister",
        "barcode": "",
        "unit_of_measure": null,
        "comment": "Imported from old inventory on 2015-10-26",
        "chemical": 79,
        "is_empty": false,
        "location": 18,
        "supplier": 3,
        "quantity": null,
        "state": "Gas",
        "batch": "",
        "date_added": "2015-10-26T20:37:08.950Z",
        "date_opened": "2015-10-26",
        "emptied_by": null
    }
},
{
    "pk": 1426,
    "model": "chemical_inventory.container",
    "fields": {
        "owner": 4,
        "expiration_date": "2016-02-23",
        "container_type": "In Oil",
        "barcode": "",
        "unit_of_measure": "g",
        "comment": "Imported from old inventory on 2015-10-26",
        "chemical": 103,
        "is_empty": false,
        "location": 19,
        "supplier": 4,
        "quantity": 300.0,
        "state": "Solid",
        "batch": "MK4560",
        "date_added": "2015-10-26T20:37:08.981Z",
        "date_opened": "2015-10-26",
        "emptied_by": null
    }
},
{
    "pk": 1427,
    "model": "chemical_inventory.container",
    "fields": {
        "owner": 2,
        "expiration_date": "2016-02-25",
        "container_type": "Glass Bottle",
        "barcode": "",
        "unit_of_measure": "g",
        "comment": "Imported from old inventory on 2015-10-26",
        "chemical": 21,
        "is_empty": false,
        "location": 20,
        "supplier": 1,
        "quantity": 25.0,
        "state": "Solid",
        "batch": "BCBM3931V",
        "date_added": "2015-10-26T20:37:09.011Z",
        "date_opened": "2015-10-26",
        "emptied_by": null
    }
},
{
    "pk": 1428,
    "model": "chemical_inventory.container",
    "fields": {
        "owner": 4,
        "expiration_date": "2015-01-30",
        "container_type": "Glass Bottle",
        "barcode": "",
        "unit_of_measure": null,
        "comment": "Imported from old inventory on 2015-10-26",
        "chemical": 47,
        "is_empty": false,
        "location": 19,
        "supplier": 2,
        "quantity": null,
        "state": "Solid",
        "batch": "L062041",
        "date_added": "2015-10-26T20:37:09.041Z",
        "date_opened": "2015-10-26",
        "emptied_by": null
    }
},
{
    "pk": 1429,
    "model": "chemical_inventory.container",
    "fields": {
        "owner": 4,
        "expiration_date": "2015-01-30",
        "container_type": "Glass Bottle",
        "barcode": "",
        "unit_of_measure": "g",
        "comment": "Imported from old inventory on 2015-10-26",
        "chemical": 72,
        "is_empty": false,
        "location": 17,
        "supplier": 1,
        "quantity": 250.0,
        "state": "Solid",
        "batch": "MKBB1692V",
        "date_added": "2015-10-26T20:37:09.071Z",
        "date_opened": "2015-10-26",
        "emptied_by": null
    }
},
{
    "pk": 1430,
    "model": "chemical_inventory.container",
    "fields": {
        "owner": 4,
        "expiration_date": "2015-02-20",
        "container_type": "Glass Bottle",
        "barcode": "",
        "unit_of_measure": "g",
        "comment": "Imported from old inventory on 2015-10-26",
        "chemical": 8,
        "is_empty": false,
        "location": 17,
        "supplier": 1,
        "quantity": 100.0,
        "state": "Solid",
        "batch": "MKBL7151V",
        "date_added": "2015-10-26T20:37:09.101Z",
        "date_opened": "2015-10-26",
        "emptied_by": null
    }
},
{
    "pk": 1431,
    "model": "chemical_inventory.container",
    "fields": {
        "owner": 4,
        "expiration_date": "2015-02-20",
        "container_type": "Glass Bottle",
        "barcode": "",
        "unit_of_measure": "g",
        "comment": "Imported from old inventory on 2015-10-26",
        "chemical": 70,
        "is_empty": false,
        "location": 17,
        "supplier": 1,
        "quantity": 25.0,
        "state": "Solid",
        "batch": "MKBN2183V",
        "date_added": "2015-10-26T20:37:09.131Z",
        "date_opened": "2015-10-26",
        "emptied_by": null
    }
},
{
    "pk": 1432,
    "model": "chemical_inventory.container",
    "fields": {
        "owner": 4,
        "expiration_date": "2015-02-20",
        "container_type": "Glass Bottle",
        "barcode": "",
        "unit_of_measure": "g",
        "comment": "Imported from old inventory on 2015-10-26",
        "chemical": 83,
        "is_empty": false,
        "location": 17,
        "supplier": 1,
        "quantity": 100.0,
        "state": "Solid",
        "batch": "MKBG1634V",
        "date_added": "2015-10-26T20:37:09.163Z",
        "date_opened": "2015-10-26",
        "emptied_by": null
    }
},
{
    "pk": 1433,
    "model": "chemical_inventory.container",
    "fields": {
        "owner": 4,
        "expiration_date": "2015-02-20",
        "container_type": "Glass Bottle",
        "barcode": "",
        "unit_of_measure": "g",
        "comment": "Imported from old inventory on 2015-10-26",
        "chemical": 62,
        "is_empty": false,
        "location": 17,
        "supplier": 1,
        "quantity": 25.0,
        "state": "Solid",
        "batch": "MKBP6351V",
        "date_added": "2015-10-26T20:37:09.193Z",
        "date_opened": "2015-10-26",
        "emptied_by": null
    }
},
{
    "pk": 1434,
    "model": "chemical_inventory.container",
    "fields": {
        "owner": 4,
        "expiration_date": "2015-02-20",
        "container_type": "Glass Bottle",
        "barcode": "",
        "unit_of_measure": "g",
        "comment": "Imported from old inventory on 2015-10-26",
        "chemical": 65,
        "is_empty": false,
        "location": 17,
        "supplier": 1,
        "quantity": 250.0,
        "state": "Solid",
        "batch": "MKBQ5924V",
        "date_added": "2015-10-26T20:37:09.223Z",
        "date_opened": "2015-10-26",
        "emptied_by": null
    }
},
{
    "pk": 1435,
    "model": "chemical_inventory.container",
    "fields": {
        "owner": 4,
        "expiration_date": "2015-02-20",
        "container_type": "Glass Bottle",
        "barcode": "",
        "unit_of_measure": "g",
        "comment": "Imported from old inventory on 2015-10-26",
        "chemical": 54,
        "is_empty": false,
        "location": 17,
        "supplier": 1,
        "quantity": 25.0,
        "state": "Solid",
        "batch": "",
        "date_added": "2015-10-26T20:37:09.252Z",
        "date_opened": "2015-10-26",
        "emptied_by": null
    }
},
{
    "pk": 1436,
    "model": "chemical_inventory.container",
    "fields": {
        "owner": 5,
        "expiration_date": "2015-02-20",
        "container_type": "Glass Bottle",
        "barcode": "",
        "unit_of_measure": "g",
        "comment": "Imported from old inventory on 2015-10-26",
        "chemical": 90,
        "is_empty": false,
        "location": 17,
        "supplier": 1,
        "quantity": 100.0,
        "state": "Liquid",
        "batch": "BCBL0951V",
        "date_added": "2015-10-26T20:37:09.282Z",
        "date_opened": "2015-10-26",
        "emptied_by": null
    }
},
{
    "pk": 1437,
    "model": "chemical_inventory.container",
    "fields": {
        "owner": null,
        "expiration_date": "2016-03-11",
        "container_type": "Plastic Bottle",
        "barcode": "",
        "unit_of_measure": null,
        "comment": "Imported from old inventory on 2015-10-26",
        "chemical": 10,
        "is_empty": false,
        "location": 17,
        "supplier": 1,
        "quantity": null,
        "state": "Solid",
        "batch": "",
        "date_added": "2015-10-26T20:37:09.311Z",
        "date_opened": "2015-10-26",
        "emptied_by": null
    }
},
{
    "pk": 1438,
    "model": "chemical_inventory.container",
    "fields": {
        "owner": null,
        "expiration_date": "2016-03-11",
        "container_type": "Plastic Bottle",
        "barcode": "",
        "unit_of_measure": null,
        "comment": "Imported from old inventory on 2015-10-26",
        "chemical": 46,
        "is_empty": false,
        "location": 17,
        "supplier": 1,
        "quantity": null,
        "state": "Solid",
        "batch": "",
        "date_added": "2015-10-26T20:37:09.344Z",
        "date_opened": "2015-10-26",
        "emptied_by": null
    }
},
{
    "pk": 1439,
    "model": "chemical_inventory.container",
    "fields": {
        "owner": null,
        "expiration_date": "2016-03-11",
        "container_type": "Glass Bottle",
        "barcode": "",
        "unit_of_measure": null,
        "comment": "Imported from old inventory on 2015-10-26",
        "chemical": 33,
        "is_empty": false,
        "location": 17,
        "supplier": 1,
        "quantity": null,
        "state": "Liquid",
        "batch": "",
        "date_added": "2015-10-26T20:37:09.372Z",
        "date_opened": "2015-10-26",
        "emptied_by": null
    }
},
{
    "pk": 1440,
    "model": "chemical_inventory.container",
    "fields": {
        "owner": 6,
        "expiration_date": "2016-03-11",
        "container_type": "Plastic Bottle",
        "barcode": "",
        "unit_of_measure": null,
        "comment": "Imported from old inventory on 2015-10-26",
        "chemical": 123,
        "is_empty": false,
        "location": 20,
        "supplier": 1,
        "quantity": null,
        "state": "Solid",
        "batch": "",
        "date_added": "2015-10-26T20:37:09.402Z",
        "date_opened": "2015-10-26",
        "emptied_by": null
    }
},
{
    "pk": 1441,
    "model": "chemical_inventory.container",
    "fields": {
        "owner": null,
        "expiration_date": "2016-03-11",
        "container_type": "Plastic Bottle",
        "barcode": "",
        "unit_of_measure": null,
        "comment": "Imported from old inventory on 2015-10-26",
        "chemical": 93,
        "is_empty": false,
        "location": 17,
        "supplier": 1,
        "quantity": null,
        "state": "Liquid",
        "batch": "",
        "date_added": "2015-10-26T20:37:09.431Z",
        "date_opened": "2015-10-26",
        "emptied_by": null
    }
},
{
    "pk": 1442,
    "model": "chemical_inventory.container",
    "fields": {
        "owner": null,
        "expiration_date": "2016-03-11",
        "container_type": "Plastic Bottle",
        "barcode": "",
        "unit_of_measure": null,
        "comment": "Imported from old inventory on 2015-10-26",
        "chemical": 94,
        "is_empty": false,
        "location": 17,
        "supplier": 1,
        "quantity": null,
        "state": "Solid",
        "batch": "",
        "date_added": "2015-10-26T20:37:09.461Z",
        "date_opened": "2015-10-26",
        "emptied_by": null
    }
},
{
    "pk": 1443,
    "model": "chemical_inventory.container",
    "fields": {
        "owner": null,
        "expiration_date": "2016-03-11",
        "container_type": "Plastic Bottle",
        "barcode": "",
        "unit_of_measure": null,
        "comment": "Imported from old inventory on 2015-10-26",
        "chemical": 85,
        "is_empty": false,
        "location": 20,
        "supplier": 1,
        "quantity": null,
        "state": "Solid",
        "batch": "",
        "date_added": "2015-10-26T20:37:09.491Z",
        "date_opened": "2015-10-26",
        "emptied_by": null
    }
},
{
    "pk": 1444,
    "model": "chemical_inventory.container",
    "fields": {
        "owner": null,
        "expiration_date": "2016-03-11",
        "container_type": "Plastic Bottle",
        "barcode": "",
        "unit_of_measure": null,
        "comment": "Imported from old inventory on 2015-10-26",
        "chemical": 76,
        "is_empty": false,
        "location": 17,
        "supplier": 1,
        "quantity": null,
        "state": "Solid",
        "batch": "",
        "date_added": "2015-10-26T20:37:09.523Z",
        "date_opened": "2015-10-26",
        "emptied_by": null
    }
},
{
    "pk": 1445,
    "model": "chemical_inventory.container",
    "fields": {
        "owner": null,
        "expiration_date": "2016-03-11",
        "container_type": "Glass Bottle",
        "barcode": "",
        "unit_of_measure": null,
        "comment": "Imported from old inventory on 2015-10-26",
        "chemical": 12,
        "is_empty": false,
        "location": 17,
        "supplier": 1,
        "quantity": null,
        "state": "Solid",
        "batch": "",
        "date_added": "2015-10-26T20:37:09.552Z",
        "date_opened": "2015-10-26",
        "emptied_by": null
    }
},
{
    "pk": 1446,
    "model": "chemical_inventory.container",
    "fields": {
        "owner": null,
        "expiration_date": "2016-03-11",
        "container_type": "Glass Bottle",
        "barcode": "",
        "unit_of_measure": null,
        "comment": "Imported from old inventory on 2015-10-26",
        "chemical": 20,
        "is_empty": false,
        "location": 20,
        "supplier": 1,
        "quantity": null,
        "state": "Solid",
        "batch": "",
        "date_added": "2015-10-26T20:37:09.582Z",
        "date_opened": "2015-10-26",
        "emptied_by": null
    }
},
{
    "pk": 1447,
    "model": "chemical_inventory.container",
    "fields": {
        "owner": 6,
        "expiration_date": "2016-01-29",
        "container_type": "Plastic Bottle",
        "barcode": "",
        "unit_of_measure": "g",
        "comment": "Imported from old inventory on 2015-10-26",
        "chemical": 9,
        "is_empty": false,
        "location": 20,
        "supplier": 1,
        "quantity": 5.0,
        "state": "Solid",
        "batch": "MKBQ2906V",
        "date_added": "2015-10-26T20:37:09.613Z",
        "date_opened": "2015-10-26",
        "emptied_by": null
    }
},
{
    "pk": 1448,
    "model": "chemical_inventory.container",
    "fields": {
        "owner": 6,
        "expiration_date": "2016-02-02",
        "container_type": "Plastic Bottle",
        "barcode": "",
        "unit_of_measure": "g",
        "comment": "Imported from old inventory on 2015-10-26",
        "chemical": 105,
        "is_empty": false,
        "location": 17,
        "supplier": 1,
        "quantity": 25.0,
        "state": "Solid",
        "batch": "BCBM5128V",
        "date_added": "2015-10-26T20:37:09.643Z",
        "date_opened": "2015-10-26",
        "emptied_by": null
    }
},
{
    "pk": 1449,
    "model": "chemical_inventory.container",
    "fields": {
        "owner": 2,
        "expiration_date": "2016-02-10",
        "container_type": "Glass Bottle",
        "barcode": "",
        "unit_of_measure": "g",
        "comment": "Imported from old inventory on 2015-10-26",
        "chemical": 19,
        "is_empty": false,
        "location": 20,
        "supplier": 1,
        "quantity": 10.0,
        "state": "Solid",
        "batch": "MKBP1380V",
        "date_added": "2015-10-26T20:37:09.673Z",
        "date_opened": "2015-10-26",
        "emptied_by": null
    }
},
{
    "pk": 1450,
    "model": "chemical_inventory.container",
    "fields": {
        "owner": 2,
        "expiration_date": "2016-02-10",
        "container_type": "Glass Bottle",
        "barcode": "",
        "unit_of_measure": "g",
        "comment": "Imported from old inventory on 2015-10-26",
        "chemical": 84,
        "is_empty": false,
        "location": 20,
        "supplier": 1,
        "quantity": 5.0,
        "state": "Solid",
        "batch": "MKBT0868V",
        "date_added": "2015-10-26T20:37:09.703Z",
        "date_opened": "2015-10-26",
        "emptied_by": null
    }
},
{
    "pk": 1451,
    "model": "chemical_inventory.container",
    "fields": {
        "owner": 2,
        "expiration_date": "2016-02-10",
        "container_type": "Glass Bottle",
        "barcode": "",
        "unit_of_measure": "g",
        "comment": "Imported from old inventory on 2015-10-26",
        "chemical": 109,
        "is_empty": false,
        "location": 16,
        "supplier": 1,
        "quantity": 25.0,
        "state": "Solid",
        "batch": "05112JUV",
        "date_added": "2015-10-26T20:37:09.733Z",
        "date_opened": "2015-10-26",
        "emptied_by": null
    }
},
{
    "pk": 1452,
    "model": "chemical_inventory.container",
    "fields": {
        "owner": 2,
        "expiration_date": "2016-02-13",
        "container_type": "Plastic Bottle",
        "barcode": "",
        "unit_of_measure": "g",
        "comment": "Imported from old inventory on 2015-10-26",
        "chemical": 41,
        "is_empty": false,
        "location": 16,
        "supplier": 1,
        "quantity": 5.0,
        "state": "Solid",
        "batch": "MKBT5629V",
        "date_added": "2015-10-26T20:37:09.763Z",
        "date_opened": "2015-10-26",
        "emptied_by": null
    }
},
{
    "pk": 1453,
    "model": "chemical_inventory.container",
    "fields": {
        "owner": null,
        "expiration_date": "2016-03-11",
        "container_type": "Glass Bottle",
        "barcode": "",
        "unit_of_measure": null,
        "comment": "Imported from old inventory on 2015-10-26",
        "chemical": 24,
        "is_empty": false,
        "location": 20,
        "supplier": 1,
        "quantity": null,
        "state": "",
        "batch": "",
        "date_added": "2015-10-26T20:37:09.792Z",
        "date_opened": "2015-10-26",
        "emptied_by": null
    }
},
{
    "pk": 1454,
    "model": "chemical_inventory.container",
    "fields": {
        "owner": null,
        "expiration_date": "2016-03-11",
        "container_type": "Metal Cannister",
        "barcode": "",
        "unit_of_measure": null,
        "comment": "Imported from old inventory on 2015-10-26",
        "chemical": 91,
        "is_empty": false,
        "location": 18,
        "supplier": 3,
        "quantity": null,
        "state": "Gas",
        "batch": "",
        "date_added": "2015-10-26T20:37:09.822Z",
        "date_opened": "2015-10-26",
        "emptied_by": null
    }
},
{
    "pk": 1455,
    "model": "chemical_inventory.container",
    "fields": {
        "owner": 9,
        "expiration_date": "2016-06-01",
        "container_type": "Glass Bottle",
        "barcode": "",
        "unit_of_measure": "L",
        "comment": "Imported from old inventory on 2015-10-26",
        "chemical": 7,
        "is_empty": false,
        "location": 11,
        "supplier": 1,
        "quantity": 8.0,
        "state": "Liquid",
        "batch": "MKBT6217V",
        "date_added": "2015-10-26T20:37:09.856Z",
        "date_opened": "2015-10-26",
        "emptied_by": null
    }
},
{
    "pk": 1456,
    "model": "chemical_inventory.container",
    "fields": {
        "owner": 6,
        "expiration_date": "2015-10-02",
        "container_type": "Glass Bottle",
        "barcode": "",
        "unit_of_measure": "mL",
        "comment": "Imported from old inventory on 2015-10-26",
        "chemical": 34,
        "is_empty": false,
        "location": 11,
        "supplier": 5,
        "quantity": 300.0,
        "state": "Liquid",
        "batch": "5189KVCM",
        "date_added": "2015-10-26T20:37:09.883Z",
        "date_opened": "2015-10-26",
        "emptied_by": null
    }
},
{
    "pk": 1457,
    "model": "chemical_inventory.container",
    "fields": {
        "owner": 6,
        "expiration_date": "2015-10-02",
        "container_type": "Glass Bottle",
        "barcode": "",
        "unit_of_measure": "mL",
        "comment": "Imported from old inventory on 2015-10-26",
        "chemical": 34,
        "is_empty": false,
        "location": 11,
        "supplier": 6,
        "quantity": 300.0,
        "state": "Liquid",
        "batch": "5189KVCM",
        "date_added": "2015-10-26T20:37:09.913Z",
        "date_opened": "2015-10-26",
        "emptied_by": null
    }
},
{
    "pk": 1458,
    "model": "chemical_inventory.container",
    "fields": {
        "owner": 6,
        "expiration_date": "2016-06-01",
        "container_type": "Glass Bottle",
        "barcode": "",
        "unit_of_measure": "mL",
        "comment": "Imported from old inventory on 2015-10-26",
        "chemical": 44,
        "is_empty": false,
        "location": 11,
        "supplier": 7,
        "quantity": 200.0,
        "state": "Liquid",
        "batch": "",
        "date_added": "2015-10-26T20:37:09.943Z",
        "date_opened": "2015-10-26",
        "emptied_by": null
    }
},
{
    "pk": 1459,
    "model": "chemical_inventory.container",
    "fields": {
        "owner": 6,
        "expiration_date": "2015-10-02",
        "container_type": "Glass Bottle",
        "barcode": "",
        "unit_of_measure": "g",
        "comment": "Imported from old inventory on 2015-10-26",
        "chemical": 1,
        "is_empty": false,
        "location": 17,
        "supplier": 1,
        "quantity": 20.0,
        "state": "Solid",
        "batch": "06020AB",
        "date_added": "2015-10-26T20:37:09.973Z",
        "date_opened": "2015-10-26",
        "emptied_by": null
    }
},
{
    "pk": 1460,
    "model": "chemical_inventory.container",
    "fields": {
        "owner": 6,
        "expiration_date": "2015-10-02",
        "container_type": "Glass Bottle",
        "barcode": "",
        "unit_of_measure": "g",
        "comment": "Imported from old inventory on 2015-10-26",
        "chemical": 117,
        "is_empty": false,
        "location": 17,
        "supplier": 1,
        "quantity": 10.0,
        "state": "Liquid",
        "batch": "06511LB",
        "date_added": "2015-10-26T20:37:10.003Z",
        "date_opened": "2015-10-26",
        "emptied_by": null
    }
},
{
    "pk": 1461,
    "model": "chemical_inventory.container",
    "fields": {
        "owner": 3,
        "expiration_date": "2015-10-02",
        "container_type": "Glass Bottle",
        "barcode": "",
        "unit_of_measure": "g",
        "comment": "Imported from old inventory on 2015-10-26",
        "chemical": 122,
        "is_empty": false,
        "location": 17,
        "supplier": 1,
        "quantity": 5.0,
        "state": "Solid",
        "batch": "MKBP9812V",
        "date_added": "2015-10-26T20:37:10.033Z",
        "date_opened": "2015-10-26",
        "emptied_by": null
    }
},
{
    "pk": 1462,
    "model": "chemical_inventory.container",
    "fields": {
        "owner": 3,
        "expiration_date": "2015-10-03",
        "container_type": "Plastic Bottle",
        "barcode": "",
        "unit_of_measure": "ml",
        "comment": "Imported from old inventory on 2015-10-26",
        "chemical": 36,
        "is_empty": false,
        "location": 17,
        "supplier": 7,
        "quantity": 500.0,
        "state": "Liquid",
        "batch": "143814",
        "date_added": "2015-10-26T20:37:10.063Z",
        "date_opened": "2015-10-26",
        "emptied_by": null
    }
},
{
    "pk": 1463,
    "model": "chemical_inventory.container",
    "fields": {
        "owner": 5,
        "expiration_date": "2015-10-14",
        "container_type": "Plastic Bottle",
        "barcode": "",
        "unit_of_measure": "g",
        "comment": "Imported from old inventory on 2015-10-26",
        "chemical": 48,
        "is_empty": false,
        "location": 17,
        "supplier": 1,
        "quantity": 100.0,
        "state": "Solid",
        "batch": "MKBR8510V",
        "date_added": "2015-10-26T20:37:10.094Z",
        "date_opened": "2015-10-26",
        "emptied_by": null
    }
},
{
    "pk": 1464,
    "model": "chemical_inventory.container",
    "fields": {
        "owner": 3,
        "expiration_date": "2015-10-17",
        "container_type": "Plastic Bottle",
        "barcode": "",
        "unit_of_measure": "g",
        "comment": "Imported from old inventory on 2015-10-26",
        "chemical": 22,
        "is_empty": false,
        "location": 16,
        "supplier": 1,
        "quantity": 25.0,
        "state": "Solid",
        "batch": "MKBP7991V",
        "date_added": "2015-10-26T20:37:10.124Z",
        "date_opened": "2015-10-26",
        "emptied_by": null
    }
},
{
    "pk": 1465,
    "model": "chemical_inventory.container",
    "fields": {
        "owner": 3,
        "expiration_date": "2015-10-17",
        "container_type": "Plastic Bottle",
        "barcode": "",
        "unit_of_measure": "g",
        "comment": "Imported from old inventory on 2015-10-26",
        "chemical": 80,
        "is_empty": false,
        "location": 16,
        "supplier": 1,
        "quantity": 10.0,
        "state": "Solid",
        "batch": "MKBQ0518V",
        "date_added": "2015-10-26T20:37:10.154Z",
        "date_opened": "2015-10-26",
        "emptied_by": null
    }
},
{
    "pk": 1466,
    "model": "chemical_inventory.container",
    "fields": {
        "owner": 2,
        "expiration_date": "2015-10-24",
        "container_type": "Plastic Bottle",
        "barcode": "",
        "unit_of_measure": "g",
        "comment": "Imported from old inventory on 2015-10-26",
        "chemical": 41,
        "is_empty": false,
        "location": 16,
        "supplier": 1,
        "quantity": 5.0,
        "state": "Solid",
        "batch": "MKBQ6043V",
        "date_added": "2015-10-28T15:41:30.060Z",
        "date_opened": "2015-10-26",
        "emptied_by": null
    }
},
{
    "pk": 1467,
    "model": "chemical_inventory.container",
    "fields": {
        "owner": 2,
        "expiration_date": "2015-10-24",
        "container_type": "Plastic Bottle",
        "barcode": "",
        "unit_of_measure": "g",
        "comment": "Imported from old inventory on 2015-10-26",
        "chemical": 11,
        "is_empty": false,
        "location": 16,
        "supplier": 1,
        "quantity": 25.0,
        "state": "Solid",
        "batch": "S34814V",
        "date_added": "2015-10-26T20:37:10.214Z",
        "date_opened": "2015-10-26",
        "emptied_by": null
    }
},
{
    "pk": 1468,
    "model": "chemical_inventory.container",
    "fields": {
        "owner": 2,
        "expiration_date": "2015-10-24",
        "container_type": "Glass Bottle",
        "barcode": "",
        "unit_of_measure": "g",
        "comment": "Imported from old inventory on 2015-10-26",
        "chemical": 39,
        "is_empty": false,
        "location": 17,
        "supplier": 1,
        "quantity": 10.0,
        "state": "Solid",
        "batch": "MKBS0908V",
        "date_added": "2015-10-26T20:37:10.244Z",
        "date_opened": "2015-10-26",
        "emptied_by": null
    }
},
{
    "pk": 1469,
    "model": "chemical_inventory.container",
    "fields": {
        "owner": 2,
        "expiration_date": "2015-10-24",
        "container_type": "Glass Bottle",
        "barcode": "",
        "unit_of_measure": "g",
        "comment": "Imported from old inventory on 2015-10-26",
        "chemical": 43,
        "is_empty": false,
        "location": 16,
        "supplier": 1,
        "quantity": 5.0,
        "state": "Solid",
        "batch": "STBD5061V",
        "date_added": "2015-10-26T20:37:10.274Z",
        "date_opened": "2015-10-26",
        "emptied_by": null
    }
},
{
    "pk": 1470,
    "model": "chemical_inventory.container",
    "fields": {
        "owner": 2,
        "expiration_date": "2015-06-26",
        "container_type": "Glass Bottle",
        "barcode": "",
        "unit_of_measure": "g",
        "comment": "Imported from old inventory on 2015-10-26",
        "chemical": 102,
        "is_empty": false,
        "location": 20,
        "supplier": 1,
        "quantity": 25.0,
        "state": "Solid",
        "batch": "MKBJ8603V",
        "date_added": "2015-10-26T20:37:10.304Z",
        "date_opened": "2015-10-26",
        "emptied_by": null
    }
},
{
    "pk": 1471,
    "model": "chemical_inventory.container",
    "fields": {
        "owner": 8,
        "expiration_date": "2015-06-26",
        "container_type": "Plastic Bottle",
        "barcode": "",
        "unit_of_measure": "lb",
        "comment": "Imported from old inventory on 2015-10-26",
        "chemical": 92,
        "is_empty": false,
        "location": 17,
        "supplier": 8,
        "quantity": 1.0,
        "state": "Solid",
        "batch": "2CB0404",
        "date_added": "2015-10-26T20:37:10.334Z",
        "date_opened": "2015-10-26",
        "emptied_by": null
    }
},
{
    "pk": 1472,
    "model": "chemical_inventory.container",
    "fields": {
        "owner": 8,
        "expiration_date": "2015-06-26",
        "container_type": "Glass Bottle",
        "barcode": "",
        "unit_of_measure": "mL",
        "comment": "Imported from old inventory on 2015-10-26",
        "chemical": 88,
        "is_empty": false,
        "location": 17,
        "supplier": 8,
        "quantity": 100.0,
        "state": "Liquid",
        "batch": "2CJ0314",
        "date_added": "2015-10-26T20:37:10.366Z",
        "date_opened": "2015-10-26",
        "emptied_by": null
    }
},
{
    "pk": 1473,
    "model": "chemical_inventory.container",
    "fields": {
        "owner": 8,
        "expiration_date": "2015-06-26",
        "container_type": "Glass Bottle",
        "barcode": "",
        "unit_of_measure": "mL",
        "comment": "Imported from old inventory on 2015-10-26",
        "chemical": 87,
        "is_empty": false,
        "location": 17,
        "supplier": 2,
        "quantity": 250.0,
        "state": "Liquid",
        "batch": "K30Y369",
        "date_added": "2015-10-26T20:37:10.396Z",
        "date_opened": "2015-10-26",
        "emptied_by": null
    }
},
{
    "pk": 1474,
    "model": "chemical_inventory.container",
    "fields": {
        "owner": 8,
        "expiration_date": "2015-06-26",
        "container_type": "Glass Bottle",
        "barcode": "",
        "unit_of_measure": "mL",
        "comment": "Imported from old inventory on 2015-10-26",
        "chemical": 88,
        "is_empty": false,
        "location": 17,
        "supplier": 1,
        "quantity": 100.0,
        "state": "Liquid",
        "batch": "STBC5847V",
        "date_added": "2015-10-26T20:37:10.426Z",
        "date_opened": "2015-10-26",
        "emptied_by": null
    }
},
{
    "pk": 1475,
    "model": "chemical_inventory.container",
    "fields": {
        "owner": 8,
        "expiration_date": "2015-06-26",
        "container_type": "Glass Bottle",
        "barcode": "",
        "unit_of_measure": "mL",
        "comment": "Imported from old inventory on 2015-10-26",
        "chemical": 27,
        "is_empty": false,
        "location": 17,
        "supplier": 1,
        "quantity": 100.0,
        "state": "Liquid",
        "batch": "SHBD9907V",
        "date_added": "2015-10-26T20:37:10.455Z",
        "date_opened": "2015-10-26",
        "emptied_by": null
    }
},
{
    "pk": 1476,
    "model": "chemical_inventory.container",
    "fields": {
        "owner": 8,
        "expiration_date": "2015-06-26",
        "container_type": "Plastic Bottle",
        "barcode": "",
        "unit_of_measure": "kg",
        "comment": "Imported from old inventory on 2015-10-26",
        "chemical": 92,
        "is_empty": false,
        "location": 17,
        "supplier": 1,
        "quantity": 1.0,
        "state": "Solid",
        "batch": "SZBC1320V",
        "date_added": "2015-10-26T20:37:10.485Z",
        "date_opened": "2015-10-26",
        "emptied_by": null
    }
},
{
    "pk": 1477,
    "model": "chemical_inventory.container",
    "fields": {
        "owner": 4,
        "expiration_date": "2015-06-26",
        "container_type": "Plastic Bottle",
        "barcode": "",
        "unit_of_measure": "g",
        "comment": "Imported from old inventory on 2015-10-26",
        "chemical": 126,
        "is_empty": false,
        "location": 17,
        "supplier": 1,
        "quantity": 500.0,
        "state": "Solid",
        "batch": "MKBH2540V",
        "date_added": "2015-10-26T20:37:10.516Z",
        "date_opened": "2015-10-26",
        "emptied_by": null
    }
},
{
    "pk": 1478,
    "model": "chemical_inventory.container",
    "fields": {
        "owner": 3,
        "expiration_date": "2015-07-14",
        "container_type": "Glass Bottle",
        "barcode": "",
        "unit_of_measure": "g",
        "comment": "Imported from old inventory on 2015-10-26",
        "chemical": 69,
        "is_empty": false,
        "location": 17,
        "supplier": 1,
        "quantity": 10.0,
        "state": "Solid",
        "batch": "MKBK4519V",
        "date_added": "2015-10-26T20:37:10.545Z",
        "date_opened": "2015-10-26",
        "emptied_by": null
    }
},
{
    "pk": 1479,
    "model": "chemical_inventory.container",
    "fields": {
        "owner": 3,
        "expiration_date": "2015-07-14",
        "container_type": "Glass Bottle",
        "barcode": "",
        "unit_of_measure": "g",
        "comment": "Imported from old inventory on 2015-10-26",
        "chemical": 25,
        "is_empty": false,
        "location": 17,
        "supplier": 1,
        "quantity": 5.0,
        "state": "Solid",
        "batch": "MKBR0659V",
        "date_added": "2015-10-26T20:37:10.575Z",
        "date_opened": "2015-10-26",
        "emptied_by": null
    }
},
{
    "pk": 1480,
    "model": "chemical_inventory.container",
    "fields": {
        "owner": 3,
        "expiration_date": "2016-07-14",
        "container_type": "Glass Bottle",
        "barcode": "",
        "unit_of_measure": "g",
        "comment": "Imported from old inventory on 2015-10-26",
        "chemical": 42,
        "is_empty": false,
        "location": 17,
        "supplier": 1,
        "quantity": 10.0,
        "state": "Solid",
        "batch": "MKBN7582V",
        "date_added": "2015-10-26T20:37:10.605Z",
        "date_opened": "2015-10-26",
        "emptied_by": null
    }
},
{
    "pk": 1481,
    "model": "chemical_inventory.container",
    "fields": {
        "owner": 2,
        "expiration_date": "2015-07-16",
        "container_type": "Plastic Bottle",
        "barcode": "",
        "unit_of_measure": "g",
        "comment": "Imported from old inventory on 2015-10-26",
        "chemical": 98,
        "is_empty": false,
        "location": 17,
        "supplier": 7,
        "quantity": 500.0,
        "state": "Solid",
        "batch": "135353",
        "date_added": "2015-10-26T20:37:10.635Z",
        "date_opened": "2015-10-26",
        "emptied_by": null
    }
},
{
    "pk": 1482,
    "model": "chemical_inventory.container",
    "fields": {
        "owner": 6,
        "expiration_date": "2015-07-17",
        "container_type": "Glass Bottle",
        "barcode": "",
        "unit_of_measure": "g",
        "comment": "Imported from old inventory on 2015-10-26",
        "chemical": 73,
        "is_empty": false,
        "location": 17,
        "supplier": 1,
        "quantity": 5.0,
        "state": "Solid",
        "batch": "MKBQ12227V",
        "date_added": "2015-10-26T20:37:10.666Z",
        "date_opened": "2015-10-26",
        "emptied_by": null
    }
},
{
    "pk": 1483,
    "model": "chemical_inventory.container",
    "fields": {
        "owner": 6,
        "expiration_date": "2015-07-17",
        "container_type": "Glass Bottle",
        "barcode": "",
        "unit_of_measure": "g",
        "comment": "Imported from old inventory on 2015-10-26",
        "chemical": 82,
        "is_empty": false,
        "location": 17,
        "supplier": 1,
        "quantity": 5.0,
        "state": "Solid",
        "batch": "MKBQ3361V",
        "date_added": "2015-10-26T20:37:10.695Z",
        "date_opened": "2015-10-26",
        "emptied_by": null
    }
},
{
    "pk": 1484,
    "model": "chemical_inventory.container",
    "fields": {
        "owner": 6,
        "expiration_date": "2015-07-17",
        "container_type": "Plastic Bottle",
        "barcode": "",
        "unit_of_measure": "g",
        "comment": "Imported from old inventory on 2015-10-26",
        "chemical": 96,
        "is_empty": false,
        "location": 17,
        "supplier": 1,
        "quantity": 500.0,
        "state": "Solid",
        "batch": "SLBJ5453V",
        "date_added": "2015-10-26T20:37:10.727Z",
        "date_opened": "2015-10-26",
        "emptied_by": null
    }
},
{
    "pk": 1485,
    "model": "chemical_inventory.container",
    "fields": {
        "owner": 5,
        "expiration_date": "2015-07-17",
        "container_type": "Plastic Bottle",
        "barcode": "",
        "unit_of_measure": "L",
        "comment": "Imported from old inventory on 2015-10-26",
        "chemical": 31,
        "is_empty": false,
        "location": 11,
        "supplier": 7,
        "quantity": 4.0,
        "state": "Liquid",
        "batch": "142797",
        "date_added": "2015-10-26T20:37:10.757Z",
        "date_opened": "2015-10-26",
        "emptied_by": null
    }
},
{
    "pk": 1486,
    "model": "chemical_inventory.container",
    "fields": {
        "owner": 5,
        "expiration_date": "2015-07-14",
        "container_type": "Plastic Bottle",
        "barcode": "",
        "unit_of_measure": "g",
        "comment": "Imported from old inventory on 2015-10-26",
        "chemical": 60,
        "is_empty": false,
        "location": 17,
        "supplier": 1,
        "quantity": 50.0,
        "state": "Solid",
        "batch": "SLBJ9218V",
        "date_added": "2015-10-26T20:37:10.787Z",
        "date_opened": "2015-10-26",
        "emptied_by": null
    }
},
{
    "pk": 1487,
    "model": "chemical_inventory.container",
    "fields": {
        "owner": 6,
        "expiration_date": "2015-07-22",
        "container_type": "Plastic Bottle",
        "barcode": "",
        "unit_of_measure": "g",
        "comment": "Imported from old inventory on 2015-10-26",
        "chemical": 53,
        "is_empty": false,
        "location": 20,
        "supplier": 2,
        "quantity": 25.0,
        "state": "Solid",
        "batch": "Q23A022",
        "date_added": "2015-10-26T20:37:10.816Z",
        "date_opened": "2015-10-26",
        "emptied_by": null
    }
},
{
    "pk": 1488,
    "model": "chemical_inventory.container",
    "fields": {
        "owner": 3,
        "expiration_date": "2016-03-29",
        "container_type": "Plastic Bottle",
        "barcode": "",
        "unit_of_measure": "g",
        "comment": "Imported from old inventory on 2015-10-26",
        "chemical": 97,
        "is_empty": false,
        "location": 16,
        "supplier": 1,
        "quantity": 5.0,
        "state": "Solid",
        "batch": "MKBV0191V",
        "date_added": "2015-10-26T20:37:10.846Z",
        "date_opened": "2015-10-26",
        "emptied_by": null
    }
},
{
    "pk": 1489,
    "model": "chemical_inventory.container",
    "fields": {
        "owner": 3,
        "expiration_date": "2016-03-29",
        "container_type": "Plastic Bottle",
        "barcode": "",
        "unit_of_measure": "g",
        "comment": "Imported from old inventory on 2015-10-26",
        "chemical": 97,
        "is_empty": false,
        "location": 16,
        "supplier": 1,
        "quantity": 25.0,
        "state": "Solid",
        "batch": "MKBV0191V",
        "date_added": "2015-10-26T20:37:10.876Z",
        "date_opened": "2015-10-26",
        "emptied_by": null
    }
},
{
    "pk": 1490,
    "model": "chemical_inventory.container",
    "fields": {
        "owner": 7,
        "expiration_date": "2016-03-29",
        "container_type": "Plastic Bottle",
        "barcode": "",
        "unit_of_measure": "G",
        "comment": "Imported from old inventory on 2015-10-26",
        "chemical": 114,
        "is_empty": false,
        "location": 16,
        "supplier": 1,
        "quantity": 50.0,
        "state": "Solid",
        "batch": "MKBR0392V",
        "date_added": "2015-10-26T20:37:10.906Z",
        "date_opened": "2015-10-26",
        "emptied_by": null
    }
},
{
    "pk": 1491,
    "model": "chemical_inventory.container",
    "fields": {
        "owner": 7,
        "expiration_date": "2016-03-30",
        "container_type": "Plastic Bottle",
        "barcode": "",
        "unit_of_measure": "grams",
        "comment": "Imported from old inventory on 2015-10-26",
        "chemical": 45,
        "is_empty": false,
        "location": 16,
        "supplier": 1,
        "quantity": 100.0,
        "state": "Solid",
        "batch": "SLBM2670V",
        "date_added": "2015-10-26T20:37:10.936Z",
        "date_opened": "2015-10-26",
        "emptied_by": null
    }
},
{
    "pk": 1492,
    "model": "chemical_inventory.container",
    "fields": {
        "owner": 7,
        "expiration_date": "2016-03-30",
        "container_type": "Plastic Bottle",
        "barcode": "",
        "unit_of_measure": "grams",
        "comment": "Imported from old inventory on 2015-10-26",
        "chemical": 105,
        "is_empty": false,
        "location": 16,
        "supplier": 1,
        "quantity": 25.0,
        "state": "Solid",
        "batch": "BCBM5128V",
        "date_added": "2015-10-26T20:37:10.967Z",
        "date_opened": "2015-10-26",
        "emptied_by": null
    }
},
{
    "pk": 1493,
    "model": "chemical_inventory.container",
    "fields": {
        "owner": 7,
        "expiration_date": "2016-03-30",
        "container_type": "Plastic Bottle",
        "barcode": "",
        "unit_of_measure": "grams",
        "comment": "Imported from old inventory on 2015-10-26",
        "chemical": 49,
        "is_empty": false,
        "location": 16,
        "supplier": 1,
        "quantity": 10.0,
        "state": "Solid",
        "batch": "MKBR5246V",
        "date_added": "2015-10-26T20:37:10.996Z",
        "date_opened": "2015-10-26",
        "emptied_by": null
    }
},
{
    "pk": 1494,
    "model": "chemical_inventory.container",
    "fields": {
        "owner": 7,
        "expiration_date": "2016-03-30",
        "container_type": "Plastic Bottle",
        "barcode": "",
        "unit_of_measure": "grams",
        "comment": "Imported from old inventory on 2015-10-26",
        "chemical": 78,
        "is_empty": false,
        "location": 16,
        "supplier": 1,
        "quantity": 100.0,
        "state": "Solid",
        "batch": "MKBS0709V",
        "date_added": "2015-10-26T20:37:11.026Z",
        "date_opened": "2015-10-26",
        "emptied_by": null
    }
},
{
    "pk": 1495,
    "model": "chemical_inventory.container",
    "fields": {
        "owner": 4,
        "expiration_date": "2015-03-07",
        "container_type": "Glass Bottle",
        "barcode": "",
        "unit_of_measure": "ml",
        "comment": "Imported from old inventory on 2015-10-26",
        "chemical": 35,
        "is_empty": false,
        "location": 11,
        "supplier": 1,
        "quantity": 500.0,
        "state": "Liquid",
        "batch": "",
        "date_added": "2015-10-26T20:37:11.056Z",
        "date_opened": "2015-10-26",
        "emptied_by": null
    }
},
{
    "pk": 1496,
    "model": "chemical_inventory.container",
    "fields": {
        "owner": 9,
        "expiration_date": "2016-10-25",
        "container_type": "Glass Bottle",
        "barcode": "",
        "unit_of_measure": "g",
        "comment": "Imported from old inventory on 2015-10-26",
        "chemical": 66,
        "is_empty": false,
        "location": 21,
        "supplier": 1,
        "quantity": 25.0,
        "state": "Solid",
        "batch": "MKBR5968V",
        "date_added": "2015-10-26T20:37:11.086Z",
        "date_opened": "2015-10-26",
        "emptied_by": null
    }
},
{
    "pk": 1497,
    "model": "chemical_inventory.container",
    "fields": {
        "owner": 1,
        "expiration_date": "2016-04-21",
        "container_type": "Aluminium Bottle",
        "barcode": "",
        "unit_of_measure": "L",
        "comment": "Imported from old inventory on 2015-10-26",
        "chemical": 32,
        "is_empty": false,
        "location": 19,
        "supplier": 1,
        "quantity": 1.0,
        "state": "Solid",
        "batch": "",
        "date_added": "2015-10-26T20:37:11.118Z",
        "date_opened": "2015-10-26",
        "emptied_by": null
    }
},
{
    "pk": 1498,
    "model": "chemical_inventory.container",
    "fields": {
        "owner": 5,
        "expiration_date": "2016-04-30",
        "container_type": "Glass Bottle",
        "barcode": "",
        "unit_of_measure": "g",
        "comment": "Imported from old inventory on 2015-10-26",
        "chemical": 119,
        "is_empty": false,
        "location": 17,
        "supplier": 1,
        "quantity": 100.0,
        "state": "Solid",
        "batch": "BCBL8307V",
        "date_added": "2015-10-26T20:37:11.147Z",
        "date_opened": "2015-10-26",
        "emptied_by": null
    }
},
{
    "pk": 1499,
    "model": "chemical_inventory.container",
    "fields": {
        "owner": null,
        "expiration_date": "2016-10-25",
        "container_type": "",
        "barcode": "",
        "unit_of_measure": null,
        "comment": "Imported from old inventory on 2015-10-26",
        "chemical": 62,
        "is_empty": false,
        "location": 13,
        "supplier": 9,
        "quantity": null,
        "state": "",
        "batch": "",
        "date_added": "2015-10-26T20:37:11.197Z",
        "date_opened": "2015-10-26",
        "emptied_by": null
    }
},
{
    "pk": 1500,
    "model": "chemical_inventory.container",
    "fields": {
        "owner": null,
        "expiration_date": "2016-10-25",
        "container_type": "",
        "barcode": "",
        "unit_of_measure": null,
        "comment": "Imported from old inventory on 2015-10-26",
        "chemical": 18,
        "is_empty": false,
        "location": 13,
        "supplier": 9,
        "quantity": null,
        "state": "",
        "batch": "",
        "date_added": "2015-10-26T20:37:11.232Z",
        "date_opened": "2015-10-26",
        "emptied_by": null
    }
},
{
    "pk": 1501,
    "model": "chemical_inventory.container",
    "fields": {
        "owner": null,
        "expiration_date": "2016-10-25",
        "container_type": "",
        "barcode": "",
        "unit_of_measure": null,
        "comment": "Imported from old inventory on 2015-10-26",
        "chemical": 62,
        "is_empty": false,
        "location": 13,
        "supplier": 9,
        "quantity": null,
        "state": "",
        "batch": "",
        "date_added": "2015-10-26T20:37:11.256Z",
        "date_opened": "2015-10-26",
        "emptied_by": null
    }
},
{
    "pk": 1502,
    "model": "chemical_inventory.container",
    "fields": {
        "owner": 2,
        "expiration_date": "2016-10-25",
        "container_type": "teset",
        "barcode": "",
        "unit_of_measure": null,
        "comment": "Imported from old inventory on 2015-10-26",
        "chemical": 10,
        "is_empty": false,
        "location": 16,
        "supplier": 10,
        "quantity": null,
        "state": "Solid",
        "batch": "test",
        "date_added": "2015-10-26T20:37:11.288Z",
        "date_opened": "2015-10-26",
        "emptied_by": null
    }
},
{
    "pk": 1503,
    "model": "chemical_inventory.container",
    "fields": {
        "owner": null,
        "expiration_date": "2016-10-25",
        "container_type": "",
        "barcode": "",
        "unit_of_measure": null,
        "comment": "Imported from old inventory on 2015-10-26",
        "chemical": 13,
        "is_empty": false,
        "location": 13,
        "supplier": 9,
        "quantity": null,
        "state": "",
        "batch": "",
        "date_added": "2015-10-26T20:37:11.316Z",
        "date_opened": "2015-10-26",
        "emptied_by": null
    }
},
{
    "pk": 1504,
    "model": "chemical_inventory.container",
    "fields": {
        "owner": null,
        "expiration_date": "2016-10-25",
        "container_type": "",
        "barcode": "",
        "unit_of_measure": null,
        "comment": "Imported from old inventory on 2015-10-26",
        "chemical": 5,
        "is_empty": false,
        "location": 13,
        "supplier": 9,
        "quantity": null,
        "state": "",
        "batch": "",
        "date_added": "2015-10-26T20:37:11.346Z",
        "date_opened": "2015-10-26",
        "emptied_by": null
    }
},
{
    "pk": 1505,
    "model": "chemical_inventory.container",
    "fields": {
        "owner": null,
        "expiration_date": "2016-10-25",
        "container_type": "",
        "barcode": "",
        "unit_of_measure": null,
        "comment": "Imported from old inventory on 2015-10-26",
        "chemical": 4,
        "is_empty": false,
        "location": 13,
        "supplier": 9,
        "quantity": null,
        "state": "",
        "batch": "",
        "date_added": "2015-10-26T20:37:11.378Z",
        "date_opened": "2015-10-26",
        "emptied_by": null
    }
},
{
    "pk": 1506,
    "model": "chemical_inventory.container",
    "fields": {
        "owner": null,
        "expiration_date": "2016-10-25",
        "container_type": "",
        "barcode": "",
        "unit_of_measure": null,
        "comment": "Imported from old inventory on 2015-10-26",
        "chemical": 4,
        "is_empty": false,
        "location": 13,
        "supplier": 9,
        "quantity": null,
        "state": "",
        "batch": "",
        "date_added": "2015-10-26T20:37:11.410Z",
        "date_opened": "2015-10-26",
        "emptied_by": null
    }
},
{
    "pk": 1507,
    "model": "chemical_inventory.container",
    "fields": {
        "owner": 2,
        "expiration_date": "2016-03-02",
        "container_type": "Glass Bottle",
        "barcode": "",
        "unit_of_measure": "g",
        "comment": "Imported from old inventory on 2015-10-26",
        "chemical": 18,
        "is_empty": false,
        "location": 20,
        "supplier": 1,
        "quantity": 5.0,
        "state": "Solid",
        "batch": "",
        "date_added": "2015-10-26T20:37:11.447Z",
        "date_opened": "2015-10-26",
        "emptied_by": null
    }
},
{
    "pk": 1508,
    "model": "chemical_inventory.container",
    "fields": {
        "owner": 6,
        "expiration_date": "2016-05-13",
        "container_type": "Plastic Bottle",
        "barcode": "",
        "unit_of_measure": "mL",
        "comment": "Imported from old inventory on 2015-10-26",
        "chemical": 35,
        "is_empty": false,
        "location": 17,
        "supplier": 1,
        "quantity": 500.0,
        "state": "Liquid",
        "batch": "SHBF8451V",
        "date_added": "2015-10-26T20:37:11.467Z",
        "date_opened": "2015-10-26",
        "emptied_by": null
    }
},
{
    "pk": 1509,
    "model": "chemical_inventory.container",
    "fields": {
        "owner": 2,
        "expiration_date": "2016-05-13",
        "container_type": "Plastic Bottle",
        "barcode": "",
        "unit_of_measure": "g",
        "comment": "Imported from old inventory on 2015-10-26",
        "chemical": 111,
        "is_empty": false,
        "location": 17,
        "supplier": 1,
        "quantity": 500.0,
        "state": "Solid",
        "batch": "SLBL3552V",
        "date_added": "2015-10-26T20:37:11.497Z",
        "date_opened": "2015-10-26",
        "emptied_by": null
    }
},
{
    "pk": 1510,
    "model": "chemical_inventory.container",
    "fields": {
        "owner": 9,
        "expiration_date": "2016-05-13",
        "container_type": "Glass Bottle",
        "barcode": "",
        "unit_of_measure": "g",
        "comment": "Imported from old inventory on 2015-10-26",
        "chemical": 16,
        "is_empty": false,
        "location": 16,
        "supplier": 1,
        "quantity": 10.0,
        "state": "Liquid",
        "batch": "MKBT0824V",
        "date_added": "2015-10-26T20:37:11.528Z",
        "date_opened": "2015-10-26",
        "emptied_by": null
    }
},
{
    "pk": 1511,
    "model": "chemical_inventory.container",
    "fields": {
        "owner": 9,
        "expiration_date": "2016-05-14",
        "container_type": "Plastic Bottle",
        "barcode": "",
        "unit_of_measure": "g",
        "comment": "Imported from old inventory on 2015-10-26",
        "chemical": 104,
        "is_empty": false,
        "location": 17,
        "supplier": 11,
        "quantity": 500.0,
        "state": "Solid",
        "batch": "A0337934",
        "date_added": "2015-10-26T20:37:11.557Z",
        "date_opened": "2015-10-26",
        "emptied_by": null
    }
},
{
    "pk": 1512,
    "model": "chemical_inventory.container",
    "fields": {
        "owner": 2,
        "expiration_date": "2016-05-28",
        "container_type": "Plastic Bottle",
        "barcode": "",
        "unit_of_measure": "g",
        "comment": "Imported from old inventory on 2015-10-26",
        "chemical": 121,
        "is_empty": false,
        "location": 16,
        "supplier": 2,
        "quantity": 10.0,
        "state": "Solid",
        "batch": "N13B037",
        "date_added": "2015-10-26T20:37:11.579Z",
        "date_opened": "2015-10-26",
        "emptied_by": null
    }
},
{
    "pk": 1513,
    "model": "chemical_inventory.container",
    "fields": {
        "owner": 1,
        "expiration_date": "2016-06-07",
        "container_type": "Glass Bottle",
        "barcode": "",
        "unit_of_measure": "g",
        "comment": "Imported from old inventory on 2015-10-26",
        "chemical": 47,
        "is_empty": false,
        "location": 19,
        "supplier": 2,
        "quantity": 75.0,
        "state": "Solid",
        "batch": "R06B006",
        "date_added": "2015-10-26T20:37:11.760Z",
        "date_opened": "2015-10-26",
        "emptied_by": null
    }
},
{
    "pk": 1514,
    "model": "chemical_inventory.container",
    "fields": {
        "owner": 9,
        "expiration_date": "2016-06-01",
        "container_type": "Glass Bottle",
        "barcode": "",
        "unit_of_measure": "L",
        "comment": "Imported from old inventory on 2015-10-26",
        "chemical": 31,
        "is_empty": false,
        "location": 11,
        "supplier": 1,
        "quantity": 4.0,
        "state": "Liquid",
        "batch": "SHBF8322V",
        "date_added": "2015-10-26T20:37:11.790Z",
        "date_opened": "2015-10-26",
        "emptied_by": null
    }
},
{
    "pk": 1515,
    "model": "chemical_inventory.container",
    "fields": {
        "owner": 9,
        "expiration_date": "2016-06-01",
        "container_type": "Glass Bottle",
        "barcode": "",
        "unit_of_measure": "L",
        "comment": "Imported from old inventory on 2015-10-26",
        "chemical": 44,
        "is_empty": false,
        "location": 14,
        "supplier": 4,
        "quantity": 8.0,
        "state": "Liquid",
        "batch": "",
        "date_added": "2015-10-26T20:37:11.818Z",
        "date_opened": "2015-10-26",
        "emptied_by": null
    }
},
{
    "pk": 1516,
    "model": "chemical_inventory.container",
    "fields": {
        "owner": 7,
        "expiration_date": "2016-06-09",
        "container_type": "Plastic Bottle",
        "barcode": "",
        "unit_of_measure": "g",
        "comment": "Imported from old inventory on 2015-10-26",
        "chemical": 108,
        "is_empty": false,
        "location": 17,
        "supplier": 1,
        "quantity": 250.0,
        "state": "Solid",
        "batch": "MKBQ0000V",
        "date_added": "2015-10-26T20:37:11.838Z",
        "date_opened": "2015-10-26",
        "emptied_by": null
    }
},
{
    "pk": 1517,
    "model": "chemical_inventory.container",
    "fields": {
        "owner": 2,
        "expiration_date": "2016-06-15",
        "container_type": "Glass Bottle",
        "barcode": "",
        "unit_of_measure": "g",
        "comment": "Imported from old inventory on 2015-10-26",
        "chemical": 75,
        "is_empty": false,
        "location": 16,
        "supplier": 1,
        "quantity": 5.0,
        "state": "Solid",
        "batch": "MKBT2384V",
        "date_added": "2015-10-26T20:37:11.858Z",
        "date_opened": "2015-10-26",
        "emptied_by": null
    }
},
{
    "pk": 1518,
    "model": "chemical_inventory.container",
    "fields": {
        "owner": 2,
        "expiration_date": "2016-06-15",
        "container_type": "Glass Bottle",
        "barcode": "",
        "unit_of_measure": "g",
        "comment": "Imported from old inventory on 2015-10-26",
        "chemical": 17,
        "is_empty": false,
        "location": 16,
        "supplier": 1,
        "quantity": 2.0,
        "state": "Solid",
        "batch": "MKBQ4572V",
        "date_added": "2015-10-26T20:37:11.878Z",
        "date_opened": "2015-10-26",
        "emptied_by": null
    }
},
{
    "pk": 1519,
    "model": "chemical_inventory.container",
    "fields": {
        "owner": 9,
        "expiration_date": "2016-06-16",
        "container_type": "Plastic Bottle",
        "barcode": "",
        "unit_of_measure": "g",
        "comment": "Imported from old inventory on 2015-10-26",
        "chemical": 59,
        "is_empty": false,
        "location": 20,
        "supplier": 1,
        "quantity": 100.0,
        "state": "Solid",
        "batch": "SLBL5845V",
        "date_added": "2015-10-26T20:37:11.898Z",
        "date_opened": "2015-10-26",
        "emptied_by": null
    }
},
{
    "pk": 1520,
    "model": "chemical_inventory.container",
    "fields": {
        "owner": 9,
        "expiration_date": "2016-06-24",
        "container_type": "Plastic Bottle",
        "barcode": "",
        "unit_of_measure": "g",
        "comment": "Imported from old inventory on 2015-10-26",
        "chemical": 125,
        "is_empty": false,
        "location": 21,
        "supplier": 1,
        "quantity": 100.0,
        "state": "Solid",
        "batch": "MKBT9588V",
        "date_added": "2015-10-26T20:37:11.928Z",
        "date_opened": "2015-10-26",
        "emptied_by": null
    }
},
{
    "pk": 1521,
    "model": "chemical_inventory.container",
    "fields": {
        "owner": 7,
        "expiration_date": "2016-07-07",
        "container_type": "Plastic Bottle",
        "barcode": "",
        "unit_of_measure": "g",
        "comment": "Imported from old inventory on 2015-10-26",
        "chemical": 115,
        "is_empty": false,
        "location": 17,
        "supplier": 1,
        "quantity": 100.0,
        "state": "Solid",
        "batch": "MKBV1412V",
        "date_added": "2015-10-26T20:37:11.958Z",
        "date_opened": "2015-10-26",
        "emptied_by": null
    }
},
{
    "pk": 1522,
    "model": "chemical_inventory.container",
    "fields": {
        "owner": 6,
        "expiration_date": "2015-07-22",
        "container_type": "7/22/2014",
        "barcode": "",
        "unit_of_measure": null,
        "comment": "Imported from old inventory on 2015-10-26",
        "chemical": 81,
        "is_empty": false,
        "location": 17,
        "supplier": 1,
        "quantity": null,
        "state": "Solid",
        "batch": "MKBR2330V",
        "date_added": "2015-10-26T20:37:11.989Z",
        "date_opened": "2015-10-26",
        "emptied_by": null
    }
},
{
    "pk": 1523,
    "model": "chemical_inventory.container",
    "fields": {
        "owner": 6,
        "expiration_date": "2015-07-22",
        "container_type": "Glass Bottle",
        "barcode": "",
        "unit_of_measure": "g",
        "comment": "Imported from old inventory on 2015-10-26",
        "chemical": 23,
        "is_empty": false,
        "location": 17,
        "supplier": 1,
        "quantity": 20.0,
        "state": "Solid",
        "batch": "MKBL6070V",
        "date_added": "2015-10-26T20:37:12.019Z",
        "date_opened": "2015-10-26",
        "emptied_by": null
    }
},
{
    "pk": 1524,
    "model": "chemical_inventory.container",
    "fields": {
        "owner": 6,
        "expiration_date": "2015-07-22",
        "container_type": "Plastic Bottle",
        "barcode": "",
        "unit_of_measure": "g",
        "comment": "Imported from old inventory on 2015-10-26",
        "chemical": 55,
        "is_empty": false,
        "location": 17,
        "supplier": 1,
        "quantity": 25.0,
        "state": "Solid",
        "batch": "MKBQ0226V",
        "date_added": "2015-10-26T20:37:12.049Z",
        "date_opened": "2015-10-26",
        "emptied_by": null
    }
},
{
    "pk": 1525,
    "model": "chemical_inventory.container",
    "fields": {
        "owner": 6,
        "expiration_date": "2015-07-22",
        "container_type": "Plastic Bottle",
        "barcode": "",
        "unit_of_measure": "g",
        "comment": "Imported from old inventory on 2015-10-26",
        "chemical": 50,
        "is_empty": false,
        "location": 17,
        "supplier": 1,
        "quantity": 100.0,
        "state": "Solid",
        "batch": "SLBH9708V",
        "date_added": "2015-10-26T20:37:12.079Z",
        "date_opened": "2015-10-26",
        "emptied_by": null
    }
},
{
    "pk": 1526,
    "model": "chemical_inventory.container",
    "fields": {
        "owner": 6,
        "expiration_date": "2015-07-22",
        "container_type": "Glass Bottle",
        "barcode": "",
        "unit_of_measure": "g",
        "comment": "Imported from old inventory on 2015-10-26",
        "chemical": 68,
        "is_empty": false,
        "location": 17,
        "supplier": 1,
        "quantity": 100.0,
        "state": "Solid",
        "batch": "BCBL6242V",
        "date_added": "2015-10-26T20:37:12.109Z",
        "date_opened": "2015-10-26",
        "emptied_by": null
    }
},
{
    "pk": 1527,
    "model": "chemical_inventory.container",
    "fields": {
        "owner": 7,
        "expiration_date": "2015-07-24",
        "container_type": "Glass Bottle",
        "barcode": "",
        "unit_of_measure": "g",
        "comment": "Imported from old inventory on 2015-10-26",
        "chemical": 57,
        "is_empty": false,
        "location": 16,
        "supplier": 1,
        "quantity": 25.0,
        "state": "Solid",
        "batch": "MKBQ4767V",
        "date_added": "2015-10-26T20:37:12.139Z",
        "date_opened": "2015-10-26",
        "emptied_by": null
    }
},
{
    "pk": 1528,
    "model": "chemical_inventory.container",
    "fields": {
        "owner": 7,
        "expiration_date": "2015-07-24",
        "container_type": "Glass Bottle",
        "barcode": "",
        "unit_of_measure": "g",
        "comment": "Imported from old inventory on 2015-10-26",
        "chemical": 56,
        "is_empty": false,
        "location": 16,
        "supplier": 1,
        "quantity": 25.0,
        "state": "Solid",
        "batch": "MKBS1514V",
        "date_added": "2015-10-26T20:37:12.189Z",
        "date_opened": "2015-10-26",
        "emptied_by": null
    }
},
{
    "pk": 1529,
    "model": "chemical_inventory.container",
    "fields": {
        "owner": 2,
        "expiration_date": "2015-08-07",
        "container_type": "Glass Bottle",
        "barcode": "",
        "unit_of_measure": "g",
        "comment": "Imported from old inventory on 2015-10-26",
        "chemical": 37,
        "is_empty": false,
        "location": 16,
        "supplier": 1,
        "quantity": 100.0,
        "state": "Solid",
        "batch": "SZBE0200V",
        "date_added": "2015-10-26T20:37:12.219Z",
        "date_opened": "2015-10-26",
        "emptied_by": null
    }
},
{
    "pk": 1530,
    "model": "chemical_inventory.container",
    "fields": {
        "owner": 3,
        "expiration_date": "2015-08-07",
        "container_type": "Glass Bottle",
        "barcode": "",
        "unit_of_measure": "g",
        "comment": "Imported from old inventory on 2015-10-26",
        "chemical": 51,
        "is_empty": false,
        "location": 16,
        "supplier": 1,
        "quantity": 25.0,
        "state": "Solid",
        "batch": "MKBP0630V",
        "date_added": "2015-10-26T20:37:12.249Z",
        "date_opened": "2015-10-26",
        "emptied_by": null
    }
},
{
    "pk": 1531,
    "model": "chemical_inventory.container",
    "fields": {
        "owner": 3,
        "expiration_date": "2015-08-07",
        "container_type": "Glass Bottle",
        "barcode": "",
        "unit_of_measure": "g",
        "comment": "Imported from old inventory on 2015-10-26",
        "chemical": 121,
        "is_empty": false,
        "location": 16,
        "supplier": 2,
        "quantity": 10.0,
        "state": "Solid",
        "batch": "F22W001",
        "date_added": "2015-10-26T20:37:12.279Z",
        "date_opened": "2015-10-26",
        "emptied_by": null
    }
},
{
    "pk": 1532,
    "model": "chemical_inventory.container",
    "fields": {
        "owner": 2,
        "expiration_date": "2015-08-20",
        "container_type": "Glass Bottle",
        "barcode": "",
        "unit_of_measure": "g",
        "comment": "Imported from old inventory on 2015-10-26",
        "chemical": 100,
        "is_empty": false,
        "location": 16,
        "supplier": 1,
        "quantity": 25.0,
        "state": "Solid",
        "batch": "BCBM2895V",
        "date_added": "2015-10-26T20:37:12.310Z",
        "date_opened": "2015-10-26",
        "emptied_by": null
    }
},
{
    "pk": 1533,
    "model": "chemical_inventory.container",
    "fields": {
        "owner": 2,
        "expiration_date": "2015-08-20",
        "container_type": "Glass Bottle",
        "barcode": "",
        "unit_of_measure": "g",
        "comment": "Imported from old inventory on 2015-10-26",
        "chemical": 100,
        "is_empty": false,
        "location": 16,
        "supplier": 1,
        "quantity": 25.0,
        "state": "Solid",
        "batch": "BCBM2895V",
        "date_added": "2015-10-26T20:37:12.339Z",
        "date_opened": "2015-10-26",
        "emptied_by": null
    }
},
{
    "pk": 1534,
    "model": "chemical_inventory.container",
    "fields": {
        "owner": 2,
        "expiration_date": "2015-08-27",
        "container_type": "Glass Bottle",
        "barcode": "",
        "unit_of_measure": "L",
        "comment": "Imported from old inventory on 2015-10-26",
        "chemical": 28,
        "is_empty": false,
        "location": 17,
        "supplier": 1,
        "quantity": 1.0,
        "state": "Liquid",
        "batch": "SHBF1641V",
        "date_added": "2015-10-26T20:37:12.370Z",
        "date_opened": "2015-10-26",
        "emptied_by": null
    }
},
{
    "pk": 1535,
    "model": "chemical_inventory.container",
    "fields": {
        "owner": 2,
        "expiration_date": "2015-09-18",
        "container_type": "Glass Bottle",
        "barcode": "",
        "unit_of_measure": "L",
        "comment": "Imported from old inventory on 2015-10-26",
        "chemical": 110,
        "is_empty": false,
        "location": 17,
        "supplier": 1,
        "quantity": 100.0,
        "state": "Liquid",
        "batch": "MKBQ5948V",
        "date_added": "2015-10-26T20:37:12.400Z",
        "date_opened": "2015-10-26",
        "emptied_by": null
    }
},
{
    "pk": 1536,
    "model": "chemical_inventory.container",
    "fields": {
        "owner": 6,
        "expiration_date": "2015-10-02",
        "container_type": "Plastic Bottle",
        "barcode": "",
        "unit_of_measure": "g",
        "comment": "Imported from old inventory on 2015-10-26",
        "chemical": 99,
        "is_empty": false,
        "location": 17,
        "supplier": 7,
        "quantity": 50.0,
        "state": "Solid",
        "batch": "41838",
        "date_added": "2015-10-26T20:37:12.430Z",
        "date_opened": "2015-10-26",
        "emptied_by": null
    }
},
{
    "pk": 1537,
    "model": "chemical_inventory.container",
    "fields": {
        "owner": 6,
        "expiration_date": "2015-10-02",
        "container_type": "Plastic Bottle",
        "barcode": "",
        "unit_of_measure": "g",
        "comment": "Imported from old inventory on 2015-10-26",
        "chemical": 99,
        "is_empty": false,
        "location": 17,
        "supplier": 12,
        "quantity": 500.0,
        "state": "Solid",
        "batch": "",
        "date_added": "2015-10-26T20:37:12.510Z",
        "date_opened": "2015-10-26",
        "emptied_by": null
    }
},
{
    "pk": 1538,
    "model": "chemical_inventory.container",
    "fields": {
        "owner": 6,
        "expiration_date": "2015-10-02",
        "container_type": "Plastic Bottle",
        "barcode": "",
        "unit_of_measure": "g",
        "comment": "Imported from old inventory on 2015-10-26",
        "chemical": 107,
        "is_empty": false,
        "location": 17,
        "supplier": 7,
        "quantity": 450.0,
        "state": "Solid",
        "batch": "3AG20121020",
        "date_added": "2015-10-26T20:37:12.544Z",
        "date_opened": "2015-10-26",
        "emptied_by": null
    }
},
{
    "pk": 1539,
    "model": "chemical_inventory.container",
    "fields": {
        "owner": 7,
        "expiration_date": "2015-07-24",
        "container_type": "Glass Bottle",
        "barcode": "",
        "unit_of_measure": "g",
        "comment": "Imported from old inventory on 2015-10-26",
        "chemical": 64,
        "is_empty": false,
        "location": 16,
        "supplier": 13,
        "quantity": 25.0,
        "state": "Solid",
        "batch": "652973-1",
        "date_added": "2015-10-26T20:37:12.571Z",
        "date_opened": "2015-10-26",
        "emptied_by": null
    }
},
{
    "pk": 1540,
    "model": "chemical_inventory.container",
    "fields": {
        "owner": 7,
        "expiration_date": "2015-07-24",
        "container_type": "Glass Bottle",
        "barcode": "",
        "unit_of_measure": "g",
        "comment": "Imported from old inventory on 2015-10-26",
        "chemical": 64,
        "is_empty": false,
        "location": 16,
        "supplier": 13,
        "quantity": 25.0,
        "state": "Solid",
        "batch": "649321-120413",
        "date_added": "2015-10-26T20:37:12.601Z",
        "date_opened": "2015-10-26",
        "emptied_by": null
    }
},
{
    "pk": 1541,
    "model": "chemical_inventory.container",
    "fields": {
        "owner": 2,
        "expiration_date": "2016-08-12",
        "container_type": "Glass Bottle",
        "barcode": "",
        "unit_of_measure": "g",
        "comment": "Imported from old inventory on 2015-10-26",
        "chemical": 71,
        "is_empty": false,
        "location": 16,
        "supplier": 1,
        "quantity": 10.0,
        "state": "Solid",
        "batch": "MKBT6933V",
        "date_added": "2015-10-26T20:37:12.630Z",
        "date_opened": "2015-10-26",
        "emptied_by": null
    }
},
{
    "pk": 1542,
    "model": "chemical_inventory.container",
    "fields": {
        "owner": 9,
        "expiration_date": "2016-08-03",
        "container_type": "Plastic Bottle",
        "barcode": "",
        "unit_of_measure": "g",
        "comment": "Imported from old inventory on 2015-10-26",
        "chemical": 70,
        "is_empty": false,
        "location": 17,
        "supplier": 1,
        "quantity": 100.0,
        "state": "Solid",
        "batch": "MKBS5454V",
        "date_added": "2015-10-26T20:37:12.661Z",
        "date_opened": "2015-10-26",
        "emptied_by": null
    }
},
{
    "pk": 1543,
    "model": "chemical_inventory.container",
    "fields": {
        "owner": 9,
        "expiration_date": "2016-09-01",
        "container_type": "Glass Bottle",
        "barcode": "",
        "unit_of_measure": "g",
        "comment": "Imported from old inventory on 2015-10-26",
        "chemical": 90,
        "is_empty": false,
        "location": 17,
        "supplier": 1,
        "quantity": 500.0,
        "state": "Liquid",
        "batch": "STBF4991V",
        "date_added": "2015-10-26T20:37:12.691Z",
        "date_opened": "2015-10-26",
        "emptied_by": null
    }
},
{
    "pk": 1544,
    "model": "chemical_inventory.container",
    "fields": {
        "owner": 10,
        "expiration_date": "2016-09-10",
        "container_type": "Glass Bottle",
        "barcode": "",
        "unit_of_measure": "kg",
        "comment": "Imported from old inventory on 2015-10-26",
        "chemical": 77,
        "is_empty": false,
        "location": 17,
        "supplier": 2,
        "quantity": 1.0,
        "state": "Liquid",
        "batch": "31911-A1",
        "date_added": "2015-10-26T20:37:12.751Z",
        "date_opened": "2015-10-26",
        "emptied_by": null
    }
},
{
    "pk": 1545,
    "model": "chemical_inventory.container",
    "fields": {
        "owner": 10,
        "expiration_date": "2016-09-10",
        "container_type": "Glass Bottle",
        "barcode": "",
        "unit_of_measure": "kg",
        "comment": "Imported from old inventory on 2015-10-26",
        "chemical": 77,
        "is_empty": false,
        "location": 17,
        "supplier": 2,
        "quantity": 1.0,
        "state": "Liquid",
        "batch": "31911-A1",
        "date_added": "2015-10-26T20:37:12.781Z",
        "date_opened": "2015-10-26",
        "emptied_by": null
    }
},
{
    "pk": 1546,
    "model": "chemical_inventory.container",
    "fields": {
        "owner": 10,
        "expiration_date": "2016-09-10",
        "container_type": "Glass Bottle",
        "barcode": "",
        "unit_of_measure": "kg",
        "comment": "Imported from old inventory on 2015-10-26",
        "chemical": 77,
        "is_empty": false,
        "location": 17,
        "supplier": 2,
        "quantity": 1.0,
        "state": "Liquid",
        "batch": "31911-A1",
        "date_added": "2015-10-26T20:37:12.811Z",
        "date_opened": "2015-10-26",
        "emptied_by": null
    }
},
{
    "pk": 1547,
    "model": "chemical_inventory.container",
    "fields": {
        "owner": 10,
        "expiration_date": "2016-09-10",
        "container_type": "Glass Bottle",
        "barcode": "",
        "unit_of_measure": "kg",
        "comment": "Imported from old inventory on 2015-10-26",
        "chemical": 77,
        "is_empty": false,
        "location": 17,
        "supplier": 2,
        "quantity": 1.0,
        "state": "Liquid",
        "batch": "31911-A1",
        "date_added": "2015-10-26T20:37:12.851Z",
        "date_opened": "2015-10-26",
        "emptied_by": null
    }
},
{
    "pk": 1548,
    "model": "chemical_inventory.container",
    "fields": {
        "owner": 11,
        "expiration_date": "2016-09-10",
        "container_type": "Glass Bottle",
        "barcode": "",
        "unit_of_measure": "kg",
        "comment": "Imported from old inventory on 2015-10-26",
        "chemical": 77,
        "is_empty": false,
        "location": 17,
        "supplier": 2,
        "quantity": 1.0,
        "state": "Liquid",
        "batch": "31911-A1",
        "date_added": "2015-10-26T20:37:12.881Z",
        "date_opened": "2015-10-26",
        "emptied_by": null
    }
},
{
    "pk": 1549,
    "model": "chemical_inventory.container",
    "fields": {
        "owner": 9,
        "expiration_date": "2016-10-25",
        "container_type": "Plastic Bottle",
        "barcode": "",
        "unit_of_measure": "g",
        "comment": "Imported from old inventory on 2015-10-26",
        "chemical": 70,
        "is_empty": false,
        "location": 17,
        "supplier": 1,
        "quantity": 25.0,
        "state": "Solid",
        "batch": "MKBV7859V",
        "date_added": "2015-10-26T20:37:12.911Z",
        "date_opened": "2015-10-26",
        "emptied_by": null
    }
},
{
    "pk": 1550,
    "model": "chemical_inventory.container",
    "fields": {
        "owner": 9,
        "expiration_date": "2016-09-20",
        "container_type": "Glass Bottle",
        "barcode": "",
        "unit_of_measure": "mL",
        "comment": "Imported from old inventory on 2015-10-26",
        "chemical": 120,
        "is_empty": false,
        "location": 16,
        "supplier": 1,
        "quantity": 100.0,
        "state": "Liquid",
        "batch": "SHBF7794V",
        "date_added": "2015-10-26T20:37:12.941Z",
        "date_opened": "2015-10-26",
        "emptied_by": null
    }
},
{
    "pk": 1551,
    "model": "chemical_inventory.container",
    "fields": {
        "owner": 9,
        "expiration_date": "2016-09-20",
        "container_type": "Glass Bottle",
        "barcode": "",
        "unit_of_measure": "L",
        "comment": "Imported from old inventory on 2015-10-26",
        "chemical": 15,
        "is_empty": false,
        "location": 14,
        "supplier": 1,
        "quantity": 1.0,
        "state": "Liquid",
        "batch": "SHBG1013V",
        "date_added": "2015-10-27T18:28:29.601Z",
        "date_opened": "2015-10-26",
        "emptied_by": null
    }
},
{
    "pk": 1552,
    "model": "chemical_inventory.container",
    "fields": {
        "owner": 9,
        "expiration_date": "2016-10-25",
        "container_type": "Glass Bottle",
        "barcode": "",
        "unit_of_measure": "g",
        "comment": "Imported from old inventory on 2015-10-26",
        "chemical": 66,
        "is_empty": false,
        "location": 20,
        "supplier": 1,
        "quantity": 25.0,
        "state": "Solid",
        "batch": "mkbv8291v",
        "date_added": "2015-10-26T20:37:13.003Z",
        "date_opened": "2015-10-26",
        "emptied_by": null
    }
},
{
    "pk": 1553,
    "model": "chemical_inventory.container",
    "fields": {
        "owner": 9,
        "expiration_date": "2016-09-20",
        "container_type": "Glass Bottle",
        "barcode": "",
        "unit_of_measure": "g",
        "comment": "Imported from old inventory on 2015-10-26",
        "chemical": 67,
        "is_empty": false,
        "location": 16,
        "supplier": 1,
        "quantity": 10.0,
        "state": "Solid",
        "batch": "mkbs4812v",
        "date_added": "2015-10-26T20:37:13.033Z",
        "date_opened": "2015-10-26",
        "emptied_by": null
    }
},
{
    "pk": 1554,
    "model": "chemical_inventory.container",
    "fields": {
        "owner": 9,
        "expiration_date": "2016-09-20",
        "container_type": "Glass Bottle",
        "barcode": "",
        "unit_of_measure": "L",
        "comment": "Imported from old inventory on 2015-10-26",
        "chemical": 89,
        "is_empty": false,
        "location": 17,
        "supplier": 1,
        "quantity": 1.0,
        "state": "Liquid",
        "batch": "mkbv8611v",
        "date_added": "2015-10-26T20:37:13.063Z",
        "date_opened": "2015-10-26",
        "emptied_by": null
    }
},
{
    "pk": 1555,
    "model": "chemical_inventory.container",
    "fields": {
        "owner": 9,
        "expiration_date": "2016-09-29",
        "container_type": "Plastic Bottle",
        "barcode": "",
        "unit_of_measure": "g",
        "comment": "Imported from old inventory on 2015-10-26",
        "chemical": 126,
        "is_empty": false,
        "location": 17,
        "supplier": 1,
        "quantity": 500.0,
        "state": "Solid",
        "batch": "MKBH2540V",
        "date_added": "2015-10-26T20:37:13.093Z",
        "date_opened": "2015-10-26",
        "emptied_by": null
    }
},
{
    "pk": 1556,
    "model": "chemical_inventory.container",
    "fields": {
        "owner": 2,
        "expiration_date": "2016-09-30",
        "container_type": "Plastic Bottle",
        "barcode": "",
        "unit_of_measure": "L",
        "comment": "Imported from old inventory on 2015-10-26",
        "chemical": 44,
        "is_empty": false,
        "location": 14,
        "supplier": 14,
        "quantity": 16.0,
        "state": "Liquid",
        "batch": "8PVV17",
        "date_added": "2015-10-26T20:37:13.122Z",
        "date_opened": "2015-10-26",
        "emptied_by": null
    }
},
{
    "pk": 1557,
    "model": "chemical_inventory.container",
    "fields": {
        "owner": 1,
        "expiration_date": "2016-05-18",
        "container_type": "Plastic bottle",
        "barcode": "",
        "unit_of_measure": "g",
        "comment": "",
        "chemical": 52,
        "is_empty": false,
        "location": 19,
        "supplier": null,
        "quantity": 5.0,
        "state": "Solid",
        "batch": "",
        "date_added": "2015-10-26T20:45:55.182Z",
        "date_opened": "2015-05-18",
        "emptied_by": null
    }
},
{
    "pk": 1558,
    "model": "chemical_inventory.container",
    "fields": {
        "owner": 1,
        "expiration_date": "2016-04-22",
        "container_type": "Plastic Bottle",
        "barcode": "",
        "unit_of_measure": "g",
        "comment": "",
        "chemical": 106,
        "is_empty": false,
        "location": 19,
        "supplier": null,
        "quantity": 5.0,
        "state": "Solid",
        "batch": "",
        "date_added": "2015-10-26T20:47:48.502Z",
        "date_opened": "2015-04-22",
        "emptied_by": null
    }
},
{
    "pk": 1559,
    "model": "chemical_inventory.container",
    "fields": {
        "owner": 1,
        "expiration_date": "2016-10-27",
        "container_type": "Plastic Bottle",
        "barcode": "",
        "unit_of_measure": "g",
        "comment": "",
        "chemical": 51,
        "is_empty": true,
        "location": 19,
        "supplier": null,
        "quantity": 100.0,
        "state": "Solid",
        "batch": "",
        "date_added": "2015-10-27T18:30:11.471Z",
        "date_opened": "2015-10-27",
        "emptied_by": 1
    }
},
{
    "pk": 1560,
    "model": "chemical_inventory.container",
    "fields": {
        "owner": 1,
        "expiration_date": "2016-06-02",
        "container_type": "Aluminum bottle",
        "barcode": "",
        "unit_of_measure": "mL",
        "comment": "Made at Argonne",
        "chemical": 30,
        "is_empty": false,
        "location": 19,
        "supplier": null,
        "quantity": 5.0,
        "state": "Liquid",
        "batch": "",
        "date_added": "2015-10-28T02:18:13.650Z",
        "date_opened": "2015-06-02",
        "emptied_by": null
    }
},
{
    "pk": 1561,
    "model": "chemical_inventory.container",
    "fields": {
        "owner": 1,
        "expiration_date": "2016-10-28",
        "container_type": "Glass bottle",
        "barcode": "",
        "unit_of_measure": "mL",
        "comment": "",
        "chemical": 29,
        "is_empty": false,
        "location": 19,
        "supplier": 1,
        "quantity": 100.0,
        "state": "Liquid",
        "batch": "",
        "date_added": "2015-10-28T02:19:13.637Z",
        "date_opened": "2015-10-28",
        "emptied_by": null
    }
},
{
    "pk": 1,
    "model": "chemical_inventory.supportingdocument",
    "fields": {
        "owner": 1,
        "date_added": "2015-10-27T18:28:53.648Z",
        "file": "supporting_documents/04-2015-analytical-cabana.pdf",
        "comment": "",
        "name": "XRD patter",
        "container": 1551
    }
},
{
    "pk": 1,
    "model": "admin.logentry",
    "fields": {
        "action_time": "2015-10-26T18:41:28.804Z",
        "object_repr": "Nitrile",
        "action_flag": 1,
        "object_id": "1",
        "content_type": 8,
        "change_message": "",
        "user": 1
    }
},
{
    "pk": 2,
    "model": "admin.logentry",
    "fields": {
        "action_time": "2015-10-26T18:46:15.323Z",
        "object_repr": "Cobalt(II) sulfate heptahydrate (CoSO_4 \u00b7 7H_2O)",
        "action_flag": 2,
        "object_id": "24",
        "content_type": 7,
        "change_message": "Changed formula and stripped_formula.",
        "user": 1
    }
},
{
    "pk": 3,
    "model": "admin.logentry",
    "fields": {
        "action_time": "2015-10-26T18:46:52.175Z",
        "object_repr": "18 ()",
        "action_flag": 3,
        "object_id": "3",
        "content_type": 7,
        "change_message": "",
        "user": 2
    }
},
{
    "pk": 4,
    "model": "admin.logentry",
    "fields": {
        "action_time": "2015-10-26T18:46:52.266Z",
        "object_repr": "44 ()",
        "action_flag": 3,
        "object_id": "6",
        "content_type": 7,
        "change_message": "",
        "user": 2
    }
},
{
    "pk": 5,
    "model": "admin.logentry",
    "fields": {
        "action_time": "2015-10-26T18:47:20.388Z",
        "object_repr": "'Squirtle' Dessicator (4163 SES)",
        "action_flag": 2,
        "object_id": "5",
        "content_type": 11,
        "change_message": "Changed name, room_number and building.",
        "user": 1
    }
},
{
    "pk": 6,
    "model": "admin.logentry",
    "fields": {
        "action_time": "2015-10-26T18:47:50.429Z",
        "object_repr": "Glove Box (4130 SES)",
        "action_flag": 2,
        "object_id": "4",
        "content_type": 11,
        "change_message": "Changed name, room_number and building.",
        "user": 2
    }
},
{
    "pk": 7,
    "model": "admin.logentry",
    "fields": {
        "action_time": "2015-10-26T18:47:53.523Z",
        "object_repr": "'Squirtle' Dessicator (4163 SES)",
        "action_flag": 2,
        "object_id": "5",
        "content_type": 11,
        "change_message": "No fields changed.",
        "user": 2
    }
},
{
    "pk": 8,
    "model": "admin.logentry",
    "fields": {
        "action_time": "2015-10-26T18:48:06.982Z",
        "object_repr": "Gas Storage (4163 SES)",
        "action_flag": 2,
        "object_id": "3",
        "content_type": 11,
        "change_message": "Changed name, room_number and building.",
        "user": 2
    }
},
{
    "pk": 9,
    "model": "admin.logentry",
    "fields": {
        "action_time": "2015-10-26T18:48:25.180Z",
        "object_repr": "Chemical Cabinet (4163 SES)",
        "action_flag": 2,
        "object_id": "2",
        "content_type": 11,
        "change_message": "Changed name, room_number and building.",
        "user": 2
    }
},
{
    "pk": 10,
    "model": "admin.logentry",
    "fields": {
        "action_time": "2015-10-26T18:48:35.224Z",
        "object_repr": "1-Octadecene (CH_3(CH_2)_1_5CH=CH_2)",
        "action_flag": 2,
        "object_id": "5",
        "content_type": 7,
        "change_message": "Changed formula and stripped_formula.",
        "user": 1
    }
},
{
    "pk": 11,
    "model": "admin.logentry",
    "fields": {
        "action_time": "2015-10-26T18:48:41.656Z",
        "object_repr": "Glove Box (4163 SES)",
        "action_flag": 2,
        "object_id": "1",
        "content_type": 11,
        "change_message": "Changed name, room_number and building.",
        "user": 2
    }
},
{
    "pk": 12,
    "model": "admin.logentry",
    "fields": {
        "action_time": "2015-10-26T18:55:03.592Z",
        "object_repr": "Aluminum sulfate hydrate (Al_2(SO_4)_3\u00b7xH_2O)",
        "action_flag": 2,
        "object_id": "9",
        "content_type": 7,
        "change_message": "Changed formula and stripped_formula.",
        "user": 1
    }
},
{
    "pk": 13,
    "model": "admin.logentry",
    "fields": {
        "action_time": "2015-10-26T18:55:12.453Z",
        "object_repr": "Castor Oil ()",
        "action_flag": 2,
        "object_id": "14",
        "content_type": 7,
        "change_message": "Changed formula and stripped_formula.",
        "user": 1
    }
},
{
    "pk": 14,
    "model": "admin.logentry",
    "fields": {
        "action_time": "2015-10-26T18:55:26.817Z",
        "object_repr": " PVA",
        "action_flag": 3,
        "object_id": "7",
        "content_type": 8,
        "change_message": "",
        "user": 2
    }
},
{
    "pk": 15,
    "model": "admin.logentry",
    "fields": {
        "action_time": "2015-10-26T18:55:37.102Z",
        "object_repr": "1-Octadecene (CH_3(CH_2)_1_5CH=CH_2)",
        "action_flag": 2,
        "object_id": "5",
        "content_type": 7,
        "change_message": "No fields changed.",
        "user": 1
    }
},
{
    "pk": 16,
    "model": "admin.logentry",
    "fields": {
        "action_time": "2015-10-26T18:57:31.447Z",
        "object_repr": " Nitrile",
        "action_flag": 3,
        "object_id": "4",
        "content_type": 8,
        "change_message": "",
        "user": 2
    }
},
{
    "pk": 17,
    "model": "admin.logentry",
    "fields": {
        "action_time": "2015-10-26T18:59:03.045Z",
        "object_repr": "Cobalt(II) Nitrate Hexahydrate (Co(NO_3)_2\u00b76H_2O)",
        "action_flag": 2,
        "object_id": "23",
        "content_type": 7,
        "change_message": "Changed formula, stripped_formula, health, flammability, instability and safety_data_sheet.",
        "user": 1
    }
},
{
    "pk": 18,
    "model": "admin.logentry",
    "fields": {
        "action_time": "2015-10-26T18:59:27.916Z",
        "object_repr": "Cobalt(II) acetate tetrahydrate ((CH_3COO)_2Co\u00b74H_2O)",
        "action_flag": 2,
        "object_id": "20",
        "content_type": 7,
        "change_message": "Changed formula and stripped_formula.",
        "user": 1
    }
},
{
    "pk": 19,
    "model": "admin.logentry",
    "fields": {
        "action_time": "2015-10-26T18:59:37.213Z",
        "object_repr": "Cobalt(II) sulfate heptahydrate (CoSO_4 \u00b7 7H_2O)",
        "action_flag": 2,
        "object_id": "24",
        "content_type": 7,
        "change_message": "No fields changed.",
        "user": 1
    }
},
{
    "pk": 20,
    "model": "admin.logentry",
    "fields": {
        "action_time": "2015-10-26T18:59:43.713Z",
        "object_repr": " Latex",
        "action_flag": 3,
        "object_id": "3",
        "content_type": 8,
        "change_message": "",
        "user": 2
    }
},
{
    "pk": 21,
    "model": "admin.logentry",
    "fields": {
        "action_time": "2015-10-26T18:59:46.479Z",
        "object_repr": "Cobalt(II) acetate tetrahydrate ((CH_3COO)_2Co \u00b7 4H_2O)",
        "action_flag": 2,
        "object_id": "20",
        "content_type": 7,
        "change_message": "Changed formula.",
        "user": 1
    }
},
{
    "pk": 22,
    "model": "admin.logentry",
    "fields": {
        "action_time": "2015-10-26T18:59:57.432Z",
        "object_repr": "Aluminum sulfate hydrate (Al_2(SO_4)_3 \u00b7 xH_2O)",
        "action_flag": 2,
        "object_id": "9",
        "content_type": 7,
        "change_message": "Changed formula.",
        "user": 1
    }
},
{
    "pk": 23,
    "model": "admin.logentry",
    "fields": {
        "action_time": "2015-10-26T19:00:10.304Z",
        "object_repr": "Cobalt(II) Nitrate Hexahydrate (Co(NO_3)_2 \u00b7 6H_2O)",
        "action_flag": 2,
        "object_id": "23",
        "content_type": 7,
        "change_message": "Changed formula.",
        "user": 1
    }
},
{
    "pk": 24,
    "model": "admin.logentry",
    "fields": {
        "action_time": "2015-10-26T19:00:52.943Z",
        "object_repr": "Copper(II) sulfate hydrate (CuSO_4 \u00b7 xH_2O)",
        "action_flag": 2,
        "object_id": "26",
        "content_type": 7,
        "change_message": "Changed formula.",
        "user": 1
    }
},
{
    "pk": 25,
    "model": "admin.logentry",
    "fields": {
        "action_time": "2015-10-26T19:03:29.058Z",
        "object_repr": "Electrolyte (Gen2) (_1._2 M LiPF_6 inEC/EMC (3:7 wt.%))",
        "action_flag": 2,
        "object_id": "30",
        "content_type": 7,
        "change_message": "Changed cas_number, formula, stripped_formula, health, flammability and instability.",
        "user": 1
    }
},
{
    "pk": 26,
    "model": "admin.logentry",
    "fields": {
        "action_time": "2015-10-26T19:03:39.627Z",
        "object_repr": "Electrolyte (Gen2) (1.2 M LiPF_6 inEC/EMC (3:7 wt.%))",
        "action_flag": 2,
        "object_id": "30",
        "content_type": 7,
        "change_message": "Changed formula.",
        "user": 1
    }
},
{
    "pk": 27,
    "model": "admin.logentry",
    "fields": {
        "action_time": "2015-10-26T19:03:52.883Z",
        "object_repr": "Ethylene Carbonate (C_3H_4O_3)",
        "action_flag": 2,
        "object_id": "32",
        "content_type": 7,
        "change_message": "Changed formula.",
        "user": 1
    }
},
{
    "pk": 28,
    "model": "admin.logentry",
    "fields": {
        "action_time": "2015-10-26T19:04:23.731Z",
        "object_repr": "Lithium Hydroxide Monohydrate (LiOH \u00b7 H_2O)",
        "action_flag": 2,
        "object_id": "54",
        "content_type": 7,
        "change_message": "Changed formula.",
        "user": 1
    }
},
{
    "pk": 29,
    "model": "admin.logentry",
    "fields": {
        "action_time": "2015-10-26T19:04:40.121Z",
        "object_repr": "Magnesium Acetate Tetrahydrate ((CH_3COO)_2Mg \u00b7 4H_2O )",
        "action_flag": 2,
        "object_id": "60",
        "content_type": 7,
        "change_message": "Changed formula.",
        "user": 1
    }
},
{
    "pk": 30,
    "model": "admin.logentry",
    "fields": {
        "action_time": "2015-10-26T19:04:52.108Z",
        "object_repr": "Magnesium Chloride Hexahydrate (MgCl_2 \u00b7 6H_2O)",
        "action_flag": 2,
        "object_id": "61",
        "content_type": 7,
        "change_message": "Changed formula.",
        "user": 1
    }
},
{
    "pk": 31,
    "model": "admin.logentry",
    "fields": {
        "action_time": "2015-10-26T19:05:04.929Z",
        "object_repr": "Magnesium Nitrate Hexahydrate (Mg(NO)_3 \u00b7 6H_2O)",
        "action_flag": 2,
        "object_id": "63",
        "content_type": 7,
        "change_message": "Changed formula.",
        "user": 1
    }
},
{
    "pk": 32,
    "model": "admin.logentry",
    "fields": {
        "action_time": "2015-10-26T19:05:17.094Z",
        "object_repr": "Manganese (III) Acetate dihydrate ((CH_3COO)_3Mn \u00b7 2H_2O)",
        "action_flag": 2,
        "object_id": "70",
        "content_type": 7,
        "change_message": "Changed formula.",
        "user": 1
    }
},
{
    "pk": 33,
    "model": "admin.logentry",
    "fields": {
        "action_time": "2015-10-26T19:05:32.206Z",
        "object_repr": "Manganese (II) Nitrate Tetrahydrate (Mn(NO_3)_2 \u00b7 4H_2O)",
        "action_flag": 2,
        "object_id": "68",
        "content_type": 7,
        "change_message": "Changed formula.",
        "user": 1
    }
},
{
    "pk": 34,
    "model": "admin.logentry",
    "fields": {
        "action_time": "2015-10-26T19:06:05.258Z",
        "object_repr": "Manganese(II) sulfate monohydrate (MnSO_4 \u00b7 H_2O)",
        "action_flag": 2,
        "object_id": "76",
        "content_type": 7,
        "change_message": "Changed formula.",
        "user": 1
    }
},
{
    "pk": 35,
    "model": "admin.logentry",
    "fields": {
        "action_time": "2015-10-26T19:06:21.769Z",
        "object_repr": "Manganese Nitride (MnxN, x = 2-4)",
        "action_flag": 2,
        "object_id": "74",
        "content_type": 7,
        "change_message": "Changed formula.",
        "user": 1
    }
},
{
    "pk": 36,
    "model": "admin.logentry",
    "fields": {
        "action_time": "2015-10-26T19:06:41.331Z",
        "object_repr": "Mineral oil ()",
        "action_flag": 2,
        "object_id": "77",
        "content_type": 7,
        "change_message": "Changed formula.",
        "user": 1
    }
},
{
    "pk": 37,
    "model": "admin.logentry",
    "fields": {
        "action_time": "2015-10-26T19:06:50.976Z",
        "object_repr": "N2 95%, H2 5% ()",
        "action_flag": 2,
        "object_id": "79",
        "content_type": 7,
        "change_message": "Changed formula.",
        "user": 1
    }
},
{
    "pk": 38,
    "model": "admin.logentry",
    "fields": {
        "action_time": "2015-10-26T19:07:01.519Z",
        "object_repr": "Nickel acetate (Ni(ac)_2 \u00b7 4H_2O)",
        "action_flag": 2,
        "object_id": "83",
        "content_type": 7,
        "change_message": "Changed formula.",
        "user": 1
    }
},
{
    "pk": 39,
    "model": "admin.logentry",
    "fields": {
        "action_time": "2015-10-26T19:08:25.008Z",
        "object_repr": "Nickel (II) Nitrate Hexahydrate (Ni(NO_3)_2 \u00b7 6H_2O)",
        "action_flag": 2,
        "object_id": "81",
        "content_type": 7,
        "change_message": "Changed formula, health, flammability, instability, special_hazards and safety_data_sheet.",
        "user": 1
    }
},
{
    "pk": 40,
    "model": "admin.logentry",
    "fields": {
        "action_time": "2015-10-26T19:08:40.980Z",
        "object_repr": "Paraffin Wax ()",
        "action_flag": 2,
        "object_id": "92",
        "content_type": 7,
        "change_message": "Changed formula.",
        "user": 1
    }
},
{
    "pk": 41,
    "model": "admin.logentry",
    "fields": {
        "action_time": "2015-10-26T19:09:01.761Z",
        "object_repr": "Synthetic Air ()",
        "action_flag": 2,
        "object_id": "113",
        "content_type": 7,
        "change_message": "Changed formula.",
        "user": 1
    }
},
{
    "pk": 42,
    "model": "admin.logentry",
    "fields": {
        "action_time": "2015-10-26T19:09:14.262Z",
        "object_repr": "Vanadium(IV) oxide sulfate hydrate (VOSO_4 \u00b7 xH_2O)",
        "action_flag": 2,
        "object_id": "123",
        "content_type": 7,
        "change_message": "Changed formula.",
        "user": 1
    }
},
{
    "pk": 43,
    "model": "admin.logentry",
    "fields": {
        "action_time": "2015-10-26T19:09:26.163Z",
        "object_repr": "Zinc Nitrate Hexahydrate (Zn(NO_3)_2 \u00b7 6H_2O)",
        "action_flag": 2,
        "object_id": "126",
        "content_type": 7,
        "change_message": "Changed formula.",
        "user": 1
    }
},
{
    "pk": 44,
    "model": "admin.logentry",
    "fields": {
        "action_time": "2015-10-26T19:58:42.968Z",
        "object_repr": "ryan",
        "action_flag": 1,
        "object_id": "7",
        "content_type": 4,
        "change_message": "",
        "user": 1
    }
},
{
    "pk": 45,
    "model": "admin.logentry",
    "fields": {
        "action_time": "2015-10-26T19:58:55.845Z",
        "object_repr": "rbayliss",
        "action_flag": 2,
        "object_id": "7",
        "content_type": 4,
        "change_message": "Changed username, first_name and last_name.",
        "user": 1
    }
},
{
    "pk": 46,
    "model": "admin.logentry",
    "fields": {
        "action_time": "2015-10-26T19:59:04.126Z",
        "object_repr": "jcabana",
        "action_flag": 1,
        "object_id": "8",
        "content_type": 4,
        "change_message": "",
        "user": 1
    }
},
{
    "pk": 47,
    "model": "admin.logentry",
    "fields": {
        "action_time": "2015-10-26T19:59:15.849Z",
        "object_repr": "jcabana",
        "action_flag": 2,
        "object_id": "8",
        "content_type": 4,
        "change_message": "Changed first_name, last_name and email.",
        "user": 1
    }
},
{
    "pk": 48,
    "model": "admin.logentry",
    "fields": {
        "action_time": "2015-10-26T20:04:03.118Z",
        "object_repr": "Fume Hood D Storage (4163 SES)",
        "action_flag": 2,
        "object_id": "14",
        "content_type": 11,
        "change_message": "Changed room_number and building.",
        "user": 2
    }
},
{
    "pk": 49,
    "model": "admin.logentry",
    "fields": {
        "action_time": "2015-10-26T20:04:23.666Z",
        "object_repr": "'Charmander' Dessicator (4163 SES)",
        "action_flag": 2,
        "object_id": "12",
        "content_type": 11,
        "change_message": "Changed name, room_number and building.",
        "user": 2
    }
},
{
    "pk": 50,
    "model": "admin.logentry",
    "fields": {
        "action_time": "2015-10-26T20:04:34.088Z",
        "object_repr": "Fume Hood C Storage (4163 SES)",
        "action_flag": 2,
        "object_id": "11",
        "content_type": 11,
        "change_message": "Changed room_number and building.",
        "user": 2
    }
},
{
    "pk": 51,
    "model": "admin.logentry",
    "fields": {
        "action_time": "2015-10-26T20:04:45.826Z",
        "object_repr": "'Squirtle' Dessicator (4163 SES)",
        "action_flag": 2,
        "object_id": "10",
        "content_type": 11,
        "change_message": "Changed name, room_number and building.",
        "user": 2
    }
},
{
    "pk": 52,
    "model": "admin.logentry",
    "fields": {
        "action_time": "2015-10-26T20:04:55.392Z",
        "object_repr": "Glove Box (4130 SES)",
        "action_flag": 2,
        "object_id": "9",
        "content_type": 11,
        "change_message": "Changed name, room_number and building.",
        "user": 2
    }
},
{
    "pk": 53,
    "model": "admin.logentry",
    "fields": {
        "action_time": "2015-10-26T20:05:07.009Z",
        "object_repr": "Gas Storage (4163 SES)",
        "action_flag": 2,
        "object_id": "8",
        "content_type": 11,
        "change_message": "Changed name, room_number and building.",
        "user": 2
    }
},
{
    "pk": 54,
    "model": "admin.logentry",
    "fields": {
        "action_time": "2015-10-26T20:05:18.697Z",
        "object_repr": "Chemical Cabinet (4163 SES)",
        "action_flag": 2,
        "object_id": "7",
        "content_type": 11,
        "change_message": "Changed name, room_number and building.",
        "user": 2
    }
},
{
    "pk": 55,
    "model": "admin.logentry",
    "fields": {
        "action_time": "2015-10-26T20:05:29.707Z",
        "object_repr": "Glove Box (4163 SES)",
        "action_flag": 2,
        "object_id": "6",
        "content_type": 11,
        "change_message": "Changed name, room_number and building.",
        "user": 2
    }
},
{
    "pk": 56,
    "model": "admin.logentry",
    "fields": {
        "action_time": "2015-10-26T20:06:16.637Z",
        "object_repr": "'Squirtle' Dessicator @ 4163 (NA NA)",
        "action_flag": 2,
        "object_id": "10",
        "content_type": 11,
        "change_message": "Changed name, room_number and building.",
        "user": 2
    }
},
{
    "pk": 57,
    "model": "admin.logentry",
    "fields": {
        "action_time": "2015-10-26T20:06:40.344Z",
        "object_repr": "Gas Storage Bad (NA NA)",
        "action_flag": 2,
        "object_id": "8",
        "content_type": 11,
        "change_message": "Changed name, room_number and building.",
        "user": 2
    }
},
{
    "pk": 58,
    "model": "admin.logentry",
    "fields": {
        "action_time": "2015-10-26T20:06:54.980Z",
        "object_repr": "Chemical Cabinet Bad (NA NA)",
        "action_flag": 2,
        "object_id": "7",
        "content_type": 11,
        "change_message": "Changed name, room_number and building.",
        "user": 2
    }
},
{
    "pk": 59,
    "model": "admin.logentry",
    "fields": {
        "action_time": "2015-10-26T20:07:05.403Z",
        "object_repr": "Glove Box Bad (NA NA)",
        "action_flag": 2,
        "object_id": "9",
        "content_type": 11,
        "change_message": "Changed name, room_number and building.",
        "user": 2
    }
},
{
    "pk": 60,
    "model": "admin.logentry",
    "fields": {
        "action_time": "2015-10-26T20:07:34.652Z",
        "object_repr": "Glove Box Bad 4163 (NA NA)",
        "action_flag": 2,
        "object_id": "6",
        "content_type": 11,
        "change_message": "Changed name, room_number and building.",
        "user": 2
    }
},
{
    "pk": 61,
    "model": "admin.logentry",
    "fields": {
        "action_time": "2015-10-26T20:16:12.774Z",
        "object_repr": "'Squirtle' Dessicator (4163 SES)",
        "action_flag": 3,
        "object_id": "5",
        "content_type": 11,
        "change_message": "",
        "user": 2
    }
},
{
    "pk": 62,
    "model": "admin.logentry",
    "fields": {
        "action_time": "2015-10-26T20:16:25.740Z",
        "object_repr": "'Squirtle' Dessicator (4163 SES)",
        "action_flag": 2,
        "object_id": "10",
        "content_type": 11,
        "change_message": "Changed name, room_number and building.",
        "user": 2
    }
},
{
    "pk": 63,
    "model": "admin.logentry",
    "fields": {
        "action_time": "2015-10-26T20:19:15.535Z",
        "object_repr": "Glove Box (4130 SES)",
        "action_flag": 3,
        "object_id": "4",
        "content_type": 11,
        "change_message": "",
        "user": 2
    }
},
{
    "pk": 64,
    "model": "admin.logentry",
    "fields": {
        "action_time": "2015-10-26T20:19:15.665Z",
        "object_repr": "Glove Box (4163 SES)",
        "action_flag": 3,
        "object_id": "1",
        "content_type": 11,
        "change_message": "",
        "user": 2
    }
},
{
    "pk": 65,
    "model": "admin.logentry",
    "fields": {
        "action_time": "2015-10-26T20:19:46.759Z",
        "object_repr": "Chemical Cabinet (4163 SES)",
        "action_flag": 3,
        "object_id": "2",
        "content_type": 11,
        "change_message": "",
        "user": 2
    }
},
{
    "pk": 66,
    "model": "admin.logentry",
    "fields": {
        "action_time": "2015-10-26T20:20:08.665Z",
        "object_repr": "Gas Storage (4163 SES)",
        "action_flag": 3,
        "object_id": "3",
        "content_type": 11,
        "change_message": "",
        "user": 2
    }
},
{
    "pk": 67,
    "model": "admin.logentry",
    "fields": {
        "action_time": "2015-10-26T20:20:28.033Z",
        "object_repr": "Glove Box (4163 SES)",
        "action_flag": 2,
        "object_id": "6",
        "content_type": 11,
        "change_message": "Changed name, room_number and building.",
        "user": 2
    }
},
{
    "pk": 68,
    "model": "admin.logentry",
    "fields": {
        "action_time": "2015-10-26T20:20:38.130Z",
        "object_repr": "Chemical Cabinet (4163 SES)",
        "action_flag": 2,
        "object_id": "7",
        "content_type": 11,
        "change_message": "Changed name, room_number and building.",
        "user": 2
    }
},
{
    "pk": 69,
    "model": "admin.logentry",
    "fields": {
        "action_time": "2015-10-26T20:20:59.095Z",
        "object_repr": "Gas Storage (4163 SES)",
        "action_flag": 2,
        "object_id": "8",
        "content_type": 11,
        "change_message": "Changed name, room_number and building.",
        "user": 2
    }
},
{
    "pk": 70,
    "model": "admin.logentry",
    "fields": {
        "action_time": "2015-10-26T20:21:17.399Z",
        "object_repr": "Glove Box (4130 SES)",
        "action_flag": 2,
        "object_id": "9",
        "content_type": 11,
        "change_message": "Changed name, room_number and building.",
        "user": 2
    }
},
{
    "pk": 71,
    "model": "admin.logentry",
    "fields": {
        "action_time": "2015-10-26T20:21:40.367Z",
        "object_repr": "Gas Storage (4130 SES)",
        "action_flag": 1,
        "object_id": "15",
        "content_type": 11,
        "change_message": "",
        "user": 2
    }
},
{
    "pk": 72,
    "model": "admin.logentry",
    "fields": {
        "action_time": "2015-10-26T20:35:02.271Z",
        "object_repr": "gnolis",
        "action_flag": 1,
        "object_id": "9",
        "content_type": 4,
        "change_message": "",
        "user": 1
    }
},
{
    "pk": 73,
    "model": "admin.logentry",
    "fields": {
        "action_time": "2015-10-26T20:35:10.953Z",
        "object_repr": "gnolis",
        "action_flag": 2,
        "object_id": "9",
        "content_type": 4,
        "change_message": "Changed first_name and last_name.",
        "user": 1
    }
},
{
    "pk": 74,
    "model": "admin.logentry",
    "fields": {
        "action_time": "2015-10-26T20:35:27.223Z",
        "object_repr": "hyoo",
        "action_flag": 1,
        "object_id": "10",
        "content_type": 4,
        "change_message": "",
        "user": 1
    }
},
{
    "pk": 75,
    "model": "admin.logentry",
    "fields": {
        "action_time": "2015-10-26T20:35:54.442Z",
        "object_repr": "hyoo",
        "action_flag": 2,
        "object_id": "10",
        "content_type": 4,
        "change_message": "Changed first_name and last_name.",
        "user": 1
    }
},
{
    "pk": 76,
    "model": "admin.logentry",
    "fields": {
        "action_time": "2015-10-26T20:36:58.553Z",
        "object_repr": "same",
        "action_flag": 1,
        "object_id": "11",
        "content_type": 4,
        "change_message": "",
        "user": 1
    }
},
{
    "pk": 77,
    "model": "admin.logentry",
    "fields": {
        "action_time": "2015-10-26T20:37:02.689Z",
        "object_repr": "same",
        "action_flag": 2,
        "object_id": "11",
        "content_type": 4,
        "change_message": "Changed first_name.",
        "user": 1
    }
},
{
    "pk": 78,
    "model": "admin.logentry",
    "fields": {
        "action_time": "2015-10-26T20:38:02.976Z",
        "object_repr": "chunjoong",
        "action_flag": 2,
        "object_id": "4",
        "content_type": 4,
        "change_message": "Changed last_name.",
        "user": 2
    }
},
{
    "pk": 79,
    "model": "admin.logentry",
    "fields": {
        "action_time": "2015-10-26T20:38:08.960Z",
        "object_repr": "gnolis",
        "action_flag": 2,
        "object_id": "9",
        "content_type": 4,
        "change_message": "Changed last_name.",
        "user": 1
    }
},
{
    "pk": 80,
    "model": "admin.logentry",
    "fields": {
        "action_time": "2015-10-26T20:43:41.560Z",
        "object_repr": "Lithium Hexafluoroarsenate (AsF_6Li)",
        "action_flag": 2,
        "object_id": "52",
        "content_type": 7,
        "change_message": "Changed cas_number.",
        "user": 1
    }
},
{
    "pk": 81,
    "model": "admin.logentry",
    "fields": {
        "action_time": "2015-10-26T20:46:49.348Z",
        "object_repr": "Sodium Hexafluoroarsenate (V) (NaAsF_6)",
        "action_flag": 2,
        "object_id": "106",
        "content_type": 7,
        "change_message": "Changed cas_number and formula.",
        "user": 1
    }
},
{
    "pk": 82,
    "model": "admin.logentry",
    "fields": {
        "action_time": "2015-10-26T20:53:35.449Z",
        "object_repr": "'Charmander' Dessicator (4163 SES)",
        "action_flag": 3,
        "object_id": "12",
        "content_type": 11,
        "change_message": "",
        "user": 2
    }
},
{
    "pk": 83,
    "model": "admin.logentry",
    "fields": {
        "action_time": "2015-10-26T20:53:35.585Z",
        "object_repr": "'Squirtle' Dessicator (4163 SES)",
        "action_flag": 3,
        "object_id": "10",
        "content_type": 11,
        "change_message": "",
        "user": 2
    }
},
{
    "pk": 84,
    "model": "admin.logentry",
    "fields": {
        "action_time": "2015-10-26T20:53:35.615Z",
        "object_repr": "Glove Box (4130 SES)",
        "action_flag": 3,
        "object_id": "9",
        "content_type": 11,
        "change_message": "",
        "user": 2
    }
},
{
    "pk": 85,
    "model": "admin.logentry",
    "fields": {
        "action_time": "2015-10-26T20:53:35.645Z",
        "object_repr": "Gas Storage (4163 SES)",
        "action_flag": 3,
        "object_id": "8",
        "content_type": 11,
        "change_message": "",
        "user": 2
    }
},
{
    "pk": 86,
    "model": "admin.logentry",
    "fields": {
        "action_time": "2015-10-26T20:53:35.675Z",
        "object_repr": "Chemical Cabinet (4163 SES)",
        "action_flag": 3,
        "object_id": "7",
        "content_type": 11,
        "change_message": "",
        "user": 2
    }
},
{
    "pk": 87,
    "model": "admin.logentry",
    "fields": {
        "action_time": "2015-10-26T20:53:35.705Z",
        "object_repr": "Glove Box (4163 SES)",
        "action_flag": 3,
        "object_id": "6",
        "content_type": 11,
        "change_message": "",
        "user": 2
    }
},
{
    "pk": 88,
    "model": "admin.logentry",
    "fields": {
        "action_time": "2015-10-26T20:53:51.725Z",
        "object_repr": "'Charmander' Dessicator (4163 SES)",
        "action_flag": 2,
        "object_id": "21",
        "content_type": 11,
        "change_message": "Changed name, room_number and building.",
        "user": 2
    }
},
{
    "pk": 89,
    "model": "admin.logentry",
    "fields": {
        "action_time": "2015-10-26T20:54:01.445Z",
        "object_repr": "'Squirtle' Dessicator (4163 SES)",
        "action_flag": 2,
        "object_id": "20",
        "content_type": 11,
        "change_message": "Changed name, room_number and building.",
        "user": 2
    }
},
{
    "pk": 90,
    "model": "admin.logentry",
    "fields": {
        "action_time": "2015-10-26T20:54:10.536Z",
        "object_repr": "Glove Box (4130 SES)",
        "action_flag": 2,
        "object_id": "19",
        "content_type": 11,
        "change_message": "Changed name, room_number and building.",
        "user": 2
    }
},
{
    "pk": 91,
    "model": "admin.logentry",
    "fields": {
        "action_time": "2015-10-26T20:54:27.348Z",
        "object_repr": "Gas Storage (4163 SES)",
        "action_flag": 2,
        "object_id": "18",
        "content_type": 11,
        "change_message": "Changed name, room_number and building.",
        "user": 2
    }
},
{
    "pk": 92,
    "model": "admin.logentry",
    "fields": {
        "action_time": "2015-10-26T20:54:37.961Z",
        "object_repr": "Chemical Cabinet (4163 SES)",
        "action_flag": 2,
        "object_id": "17",
        "content_type": 11,
        "change_message": "Changed name, room_number and building.",
        "user": 2
    }
},
{
    "pk": 93,
    "model": "admin.logentry",
    "fields": {
        "action_time": "2015-10-26T20:54:54.181Z",
        "object_repr": "Glove Box (4163 SES)",
        "action_flag": 2,
        "object_id": "16",
        "content_type": 11,
        "change_message": "Changed name, room_number and building.",
        "user": 2
    }
},
{
    "pk": 94,
    "model": "admin.logentry",
    "fields": {
        "action_time": "2015-10-26T21:02:42.196Z",
        "object_repr": "bkwon",
        "action_flag": 2,
        "object_id": "5",
        "content_type": 4,
        "change_message": "Changed email.",
        "user": 1
    }
},
{
    "pk": 95,
    "model": "admin.logentry",
    "fields": {
        "action_time": "2015-10-26T21:04:24.947Z",
        "object_repr": "bmay",
        "action_flag": 2,
        "object_id": "6",
        "content_type": 4,
        "change_message": "Changed email.",
        "user": 1
    }
},
{
    "pk": 96,
    "model": "admin.logentry",
    "fields": {
        "action_time": "2015-10-26T21:04:52.141Z",
        "object_repr": "gnolis",
        "action_flag": 2,
        "object_id": "9",
        "content_type": 4,
        "change_message": "Changed email and is_staff.",
        "user": 1
    }
},
{
    "pk": 97,
    "model": "admin.logentry",
    "fields": {
        "action_time": "2015-10-26T21:06:14.557Z",
        "object_repr": "hyoo",
        "action_flag": 2,
        "object_id": "10",
        "content_type": 4,
        "change_message": "Changed email.",
        "user": 1
    }
},
{
    "pk": 98,
    "model": "admin.logentry",
    "fields": {
        "action_time": "2015-10-26T21:06:37.171Z",
        "object_repr": "rbayliss",
        "action_flag": 2,
        "object_id": "7",
        "content_type": 4,
        "change_message": "Changed email.",
        "user": 1
    }
},
{
    "pk": 99,
    "model": "admin.logentry",
    "fields": {
        "action_time": "2015-10-26T21:06:56.096Z",
        "object_repr": "jlapping",
        "action_flag": 1,
        "object_id": "12",
        "content_type": 4,
        "change_message": "",
        "user": 1
    }
},
{
    "pk": 100,
    "model": "admin.logentry",
    "fields": {
        "action_time": "2015-10-26T21:07:12.494Z",
        "object_repr": "jlapping",
        "action_flag": 2,
        "object_id": "12",
        "content_type": 4,
        "change_message": "Changed first_name, last_name and email.",
        "user": 1
    }
},
{
    "pk": 101,
    "model": "admin.logentry",
    "fields": {
        "action_time": "2015-10-26T21:07:41.149Z",
        "object_repr": "lhu",
        "action_flag": 1,
        "object_id": "13",
        "content_type": 4,
        "change_message": "",
        "user": 1
    }
},
{
    "pk": 102,
    "model": "admin.logentry",
    "fields": {
        "action_time": "2015-10-26T21:07:52.623Z",
        "object_repr": "lhu",
        "action_flag": 2,
        "object_id": "13",
        "content_type": 4,
        "change_message": "Changed first_name, last_name and email.",
        "user": 1
    }
},
{
    "pk": 103,
    "model": "admin.logentry",
    "fields": {
        "action_time": "2015-10-26T22:12:46.689Z",
        "object_repr": "Officers",
        "action_flag": 1,
        "object_id": "1",
        "content_type": 3,
        "change_message": "",
        "user": 1
    }
},
{
    "pk": 104,
    "model": "admin.logentry",
    "fields": {
        "action_time": "2015-10-26T22:13:22.042Z",
        "object_repr": "jcabana",
        "action_flag": 2,
        "object_id": "8",
        "content_type": 4,
        "change_message": "Changed groups.",
        "user": 1
    }
},
{
    "pk": 105,
    "model": "admin.logentry",
    "fields": {
        "action_time": "2015-10-26T22:14:09.259Z",
        "object_repr": "gnolis",
        "action_flag": 2,
        "object_id": "9",
        "content_type": 4,
        "change_message": "Changed groups.",
        "user": 1
    }
},
{
    "pk": 106,
    "model": "admin.logentry",
    "fields": {
        "action_time": "2015-10-26T22:14:23.836Z",
        "object_repr": "Lab Managers",
        "action_flag": 2,
        "object_id": "1",
        "content_type": 3,
        "change_message": "Changed name.",
        "user": 1
    }
},
{
    "pk": 107,
    "model": "admin.logentry",
    "fields": {
        "action_time": "2015-10-26T22:14:53.482Z",
        "object_repr": "mwolf",
        "action_flag": 2,
        "object_id": "1",
        "content_type": 4,
        "change_message": "Changed is_superuser and groups.",
        "user": 1
    }
},
{
    "pk": 108,
    "model": "admin.logentry",
    "fields": {
        "action_time": "2015-10-26T22:15:31.453Z",
        "object_repr": "mwolf",
        "action_flag": 2,
        "object_id": "1",
        "content_type": 4,
        "change_message": "Changed is_superuser.",
        "user": 1
    }
},
{
    "pk": 109,
    "model": "admin.logentry",
    "fields": {
        "action_time": "2015-10-26T22:15:59.074Z",
        "object_repr": "Lab Managers",
        "action_flag": 2,
        "object_id": "1",
        "content_type": 3,
        "change_message": "Changed permissions.",
        "user": 1
    }
},
{
    "model": "chemical_inventory.hazard",
    "fields": {
        "name": "Explosive",
        "hazard_type": "p",
        "pictogram": "",
        "description": "Unstable explosives\r\nExplosives, divisions 1.1, 1.2, 1.3, 1.4\r\nSelf-reactive substances and mixtures, types A, B\r\nOrganic peroxides, types A, B"
    },
    "pk": 1
},
{
    "model": "chemical_inventory.hazard",
    "fields": {
        "name": "Flammable",
        "hazard_type": "p",
        "pictogram": "",
        "description": "Flammable gases, category 1\r\nFlammable aerosols, categories 1, 2\r\nFlammable liquids, categories 1, 2, 3\r\nFlammable solids, categories 1, 2\r\nSelf-reactive substances and mixtures, types B, C, D, E, F\r\nPyrophoric liquids, category 1\r\nPyrophoric solids, category 1\r\nSelf-heating substances and mixtures, categories 1, 2\r\nSubstances and mixtures, which in contact with water, emit flammable gases, categories 1, 2, 3\r\nOrganic peroxides, types B, C, D, E, F"
    },
    "pk": 2
},
{
    "model": "chemical_inventory.hazard",
    "fields": {
        "name": "Oxidizing",
        "hazard_type": "p",
        "pictogram": "",
        "description": "Oxidizing gases, category 1\r\nOxidizing liquids, categories 1, 2, 3\r\nOxidizing solids, categories 1, 2, 3"
    },
    "pk": 3
},
{
    "model": "chemical_inventory.hazard",
    "fields": {
        "name": "Compressed Gas",
        "hazard_type": "p",
        "pictogram": "",
        "description": "Compressed gases\r\nLiquefied gases\r\nRefrigerated liquefied gases\r\nDissolved gases"
    },
    "pk": 4
},
{
    "model": "chemical_inventory.hazard",
    "fields": {
        "name": "Corrosive",
        "hazard_type": "ph",
        "pictogram": "",
        "description": "Corrosive to metals, category 1"
    },
    "pk": 5
},
{
    "model": "chemical_inventory.hazard",
    "fields": {
        "name": "Toxic",
        "hazard_type": "h",
        "pictogram": "",
        "description": "Acute toxicity (oral, dermal, inhalation), categories 1, 2, 3"
    },
    "pk": 6
},
{
    "model": "chemical_inventory.hazard",
    "fields": {
        "name": "Harmful",
        "hazard_type": "h",
        "pictogram": "",
        "description": "Acute toxicity (oral, dermal, inhalation), category 4\r\nSkin irritation, categories 2, 3\r\nEye irritation, category 2A\r\nSkin sensitization, category 1\r\nSpecific target organ toxicity following single exposure, category 3\r\nRespiratory tract irritation\r\nNarcotic effects\r\nNot used:\r\nwith the \"skull and crossbones\" pictogram\r\nfor skin or eye irritation if:\r\nthe \"corrosion\" pictogram also appears\r\nthe \"health hazard\" pictogram is used to indicate respiratory sensitization"
    },
    "pk": 7
},
{
    "model": "chemical_inventory.hazard",
    "fields": {
        "name": "Health Hazard",
        "hazard_type": "h",
        "pictogram": "",
        "description": "Respiratory sensitization, category 1\r\nGerm cell mutagenicity, categories 1A, 1B, 2\r\nCarcinogenicity, categories 1A, 1B, 2\r\nReproductive toxicity, categories 1A, 1B, 2\r\nSpecific target organ toxicity following single exposure, categories 1, 2\r\nSpecific target organ toxicity following repeated exposure, categories 1, 2\r\nAspiration hazard, categories 1, 2\r\nAcute toxicity (oral, dermal, inhalation), category 5\r\nEye irritation, category 2B\r\nReproductive toxicity \u2013 effects on or via lactation"
    },
    "pk": 8
},
{
    "model": "chemical_inventory.hazard",
    "fields": {
        "name": "Environmental Hazard",
        "hazard_type": "e",
        "pictogram": "",
        "description": "Acute hazards to the aquatic environment, category 1\r\nChronic hazards to the aquatic environment, categories 1, 2"
    },
    "pk": 9
}
]
